[{"model": "admin.logentry", "pk": 1, "fields": {"action_time": "2025-11-23T12:15:51.533Z", "user": 1, "content_type": 10, "object_id": "3", "object_repr": "nzisamary@gmail.com", "action_flag": 2, "change_message": "[{\"changed\": {\"fields\": [\"Is active\"]}}]"}}, {"model": "admin.logentry", "pk": 2, "fields": {"action_time": "2025-11-23T12:15:57.320Z", "user": 1, "content_type": 10, "object_id": "2", "object_repr": "jnjihia@gmail.com", "action_flag": 2, "change_message": "[{\"changed\": {\"fields\": [\"Is active\"]}}]"}}, {"model": "admin.logentry", "pk": 3, "fields": {"action_time": "2025-11-23T13:02:43.105Z", "user": 1, "content_type": 6, "object_id": "1", "object_repr": "Mikalla", "action_flag": 1, "change_message": "[{\"added\": {}}]"}}, {"model": "admin.logentry", "pk": 4, "fields": {"action_time": "2025-11-23T13:02:50.744Z", "user": 1, "content_type": 6, "object_id": "2", "object_repr": "NIVEA", "action_flag": 1, "change_message": "[{\"added\": {}}]"}}, {"model": "admin.logentry", "pk": 5, "fields": {"action_time": "2025-11-23T13:02:59.690Z", "user": 1, "content_type": 6, "object_id": "3", "object_repr": "Miadi", "action_flag": 1, "change_message": "[{\"added\": {}}]"}}, {"model": "admin.logentry", "pk": 6, "fields": {"action_time": "2025-11-23T13:03:06.406Z", "user": 1, "content_type": 6, "object_id": "4", "object_repr": "Zoe", "action_flag": 1, "change_message": "[{\"added\": {}}]"}}, {"model": "admin.logentry", "pk": 7, "fields": {"action_time": "2025-11-23T13:03:19.352Z", "user": 1, "content_type": 6, "object_id": "5", "object_repr": "TRE Semme'", "action_flag": 1, "change_message": "[{\"added\": {}}]"}}, {"model": "admin.logentry", "pk": 8, "fields": {"action_time": "2025-11-23T13:03:55.468Z", "user": 1, "content_type": 6, "object_id": "6", "object_repr": "Cosmo", "action_flag": 1, "change_message": "[{\"added\": {}}]"}}, {"model": "admin.logentry", "pk": 9, "fields": {"action_time": "2025-11-23T13:04:09.371Z", "user": 1, "content_type": 6, "object_id": "7", "object_repr": "Sheth Naturals", "action_flag": 1, "change_message": "[{\"added\": {}}]"}}, {"model": "admin.logentry", "pk": 10, "fields": {"action_time": "2025-11-23T13:04:16.596Z", "user": 1, "content_type": 6, "object_id": "8", "object_repr": "ORS", "action_flag": 1, "change_message": "[{\"added\": {}}]"}}, {"model": "admin.logentry", "pk": 11, "fields": {"action_time": "2025-11-23T13:04:24.631Z", "user": 1, "content_type": 6, "object_id": "9", "object_repr": "Creme of Nature", "action_flag": 1, "change_message": "[{\"added\": {}}]"}}, {"model": "admin.logentry", "pk": 12, "fields": {"action_time": "2025-11-23T13:04:36.243Z", "user": 1, "content_type": 6, "object_id": "10", "object_repr": "Mega Growth", "action_flag": 1, "change_message": "[{\"added\": {}}]"}}, {"model": "admin.logentry", "pk": 13, "fields": {"action_time": "2025-11-23T13:04:47.261Z", "user": 1, "content_type": 6, "object_id": "11", "object_repr": "Tony Airo", "action_flag": 1, "change_message": "[{\"added\": {}}]"}}, {"model": "admin.logentry", "pk": 14, "fields": {"action_time": "2025-11-23T13:04:56.471Z", "user": 1, "content_type": 6, "object_id": "12", "object_repr": "Black Essentials", "action_flag": 1, "change_message": "[{\"added\": {}}]"}}, {"model": "admin.logentry", "pk": 15, "fields": {"action_time": "2025-11-23T13:05:04.160Z", "user": 1, "content_type": 6, "object_id": "13", "object_repr": "TCB", "action_flag": 1, "change_message": "[{\"added\": {}}]"}}, {"model": "admin.logentry", "pk": 16, "fields": {"action_time": "2025-11-23T13:05:17.447Z", "user": 1, "content_type": 6, "object_id": "14", "object_repr": "Nice & Lovely", "action_flag": 1, "change_message": "[{\"added\": {}}]"}}, {"model": "admin.logentry", "pk": 17, "fields": {"action_time": "2025-11-23T13:05:28.391Z", "user": 1, "content_type": 6, "object_id": "15", "object_repr": "Stylin Dredz", "action_flag": 1, "change_message": "[{\"added\": {}}]"}}, {"model": "admin.logentry", "pk": 18, "fields": {"action_time": "2025-11-23T13:05:38.102Z", "user": 1, "content_type": 6, "object_id": "16", "object_repr": "Movit", "action_flag": 1, "change_message": "[{\"added\": {}}]"}}, {"model": "admin.logentry", "pk": 19, "fields": {"action_time": "2025-11-23T13:05:44.634Z", "user": 1, "content_type": 6, "object_id": "17", "object_repr": "Alison's", "action_flag": 1, "change_message": "[{\"added\": {}}]"}}, {"model": "admin.logentry", "pk": 20, "fields": {"action_time": "2025-11-23T13:05:57.922Z", "user": 1, "content_type": 6, "object_id": "18", "object_repr": "Dabur", "action_flag": 1, "change_message": "[{\"added\": {}}]"}}, {"model": "admin.logentry", "pk": 21, "fields": {"action_time": "2025-11-23T13:07:33.047Z", "user": 1, "content_type": 6, "object_id": "19", "object_repr": "Simple", "action_flag": 1, "change_message": "[{\"added\": {}}]"}}, {"model": "admin.logentry", "pk": 22, "fields": {"action_time": "2025-11-23T13:07:42.227Z", "user": 1, "content_type": 6, "object_id": "20", "object_repr": "Garnier", "action_flag": 1, "change_message": "[{\"added\": {}}]"}}, {"model": "admin.logentry", "pk": 23, "fields": {"action_time": "2025-11-23T13:07:54.222Z", "user": 1, "content_type": 6, "object_id": "21", "object_repr": "L'Oreal Paris", "action_flag": 1, "change_message": "[{\"added\": {}}]"}}, {"model": "admin.logentry", "pk": 24, "fields": {"action_time": "2025-11-23T13:08:02.139Z", "user": 1, "content_type": 6, "object_id": "22", "object_repr": "Uncover", "action_flag": 1, "change_message": "[{\"added\": {}}]"}}, {"model": "admin.logentry", "pk": 25, "fields": {"action_time": "2025-11-23T13:08:33.723Z", "user": 1, "content_type": 6, "object_id": "23", "object_repr": "Luron", "action_flag": 1, "change_message": "[{\"added\": {}}]"}}, {"model": "admin.logentry", "pk": 26, "fields": {"action_time": "2025-11-23T13:09:04.086Z", "user": 1, "content_type": 6, "object_id": "24", "object_repr": "Face Facts", "action_flag": 1, "change_message": "[{\"added\": {}}]"}}, {"model": "admin.logentry", "pk": 27, "fields": {"action_time": "2025-11-23T13:09:12.933Z", "user": 1, "content_type": 6, "object_id": "25", "object_repr": "Beauty Clinic", "action_flag": 1, "change_message": "[{\"added\": {}}]"}}, {"model": "admin.logentry", "pk": 28, "fields": {"action_time": "2025-11-23T13:09:43.632Z", "user": 1, "content_type": 6, "object_id": "26", "object_repr": "Himalaya", "action_flag": 1, "change_message": "[{\"added\": {}}]"}}, {"model": "admin.logentry", "pk": 29, "fields": {"action_time": "2025-11-23T13:09:51.915Z", "user": 1, "content_type": 6, "object_id": "27", "object_repr": "La Roche' Posay", "action_flag": 1, "change_message": "[{\"added\": {}}]"}}, {"model": "admin.logentry", "pk": 30, "fields": {"action_time": "2025-11-23T13:10:00.154Z", "user": 1, "content_type": 6, "object_id": "28", "object_repr": "Cera Ve", "action_flag": 1, "change_message": "[{\"added\": {}}]"}}, {"model": "admin.logentry", "pk": 31, "fields": {"action_time": "2025-11-23T13:10:16.384Z", "user": 1, "content_type": 6, "object_id": "29", "object_repr": "Anashe", "action_flag": 1, "change_message": "[{\"added\": {}}]"}}, {"model": "admin.logentry", "pk": 32, "fields": {"action_time": "2025-11-23T13:10:23.779Z", "user": 1, "content_type": 6, "object_id": "30", "object_repr": "Zaron", "action_flag": 1, "change_message": "[{\"added\": {}}]"}}, {"model": "admin.logentry", "pk": 33, "fields": {"action_time": "2025-11-23T13:10:42.527Z", "user": 1, "content_type": 7, "object_id": "1", "object_repr": "Cleansers & Toners", "action_flag": 1, "change_message": "[{\"added\": {}}]"}}, {"model": "admin.logentry", "pk": 34, "fields": {"action_time": "2025-11-23T13:10:53.274Z", "user": 1, "content_type": 7, "object_id": "2", "object_repr": "Serums & Treatments", "action_flag": 1, "change_message": "[{\"added\": {}}]"}}, {"model": "admin.logentry", "pk": 35, "fields": {"action_time": "2025-11-23T13:11:02.308Z", "user": 1, "content_type": 7, "object_id": "3", "object_repr": "Haircare", "action_flag": 1, "change_message": "[{\"added\": {}}]"}}, {"model": "admin.logentry", "pk": 36, "fields": {"action_time": "2025-11-23T13:11:11.953Z", "user": 1, "content_type": 7, "object_id": "4", "object_repr": "Skincare", "action_flag": 1, "change_message": "[{\"added\": {}}]"}}, {"model": "admin.logentry", "pk": 37, "fields": {"action_time": "2025-11-23T13:11:20.522Z", "user": 1, "content_type": 7, "object_id": "1", "object_repr": "Cleansers & Toners", "action_flag": 2, "change_message": "[{\"changed\": {\"fields\": [\"Parent\"]}}]"}}, {"model": "admin.logentry", "pk": 38, "fields": {"action_time": "2025-11-23T13:11:32.293Z", "user": 1, "content_type": 7, "object_id": "2", "object_repr": "Skin Serums & Treatments", "action_flag": 2, "change_message": "[{\"changed\": {\"fields\": [\"Name\", \"Parent\"]}}]"}}, {"model": "admin.logentry", "pk": 39, "fields": {"action_time": "2025-11-23T13:11:48.385Z", "user": 1, "content_type": 7, "object_id": "5", "object_repr": "Moisturisers & Creams", "action_flag": 1, "change_message": "[{\"added\": {}}]"}}, {"model": "admin.logentry", "pk": 40, "fields": {"action_time": "2025-11-23T13:11:57.648Z", "user": 1, "content_type": 7, "object_id": "6", "object_repr": "Masks & Peels", "action_flag": 1, "change_message": "[{\"added\": {}}]"}}, {"model": "admin.logentry", "pk": 41, "fields": {"action_time": "2025-11-23T13:12:08.205Z", "user": 1, "content_type": 7, "object_id": "7", "object_repr": "Sun Protection", "action_flag": 1, "change_message": "[{\"added\": {}}]"}}, {"model": "admin.logentry", "pk": 42, "fields": {"action_time": "2025-11-23T13:12:18.983Z", "user": 1, "content_type": 7, "object_id": "8", "object_repr": "Lipcare", "action_flag": 1, "change_message": "[{\"added\": {}}]"}}, {"model": "admin.logentry", "pk": 43, "fields": {"action_time": "2025-11-23T13:13:03.664Z", "user": 1, "content_type": 7, "object_id": "9", "object_repr": "Shampoos", "action_flag": 1, "change_message": "[{\"added\": {}}]"}}, {"model": "admin.logentry", "pk": 44, "fields": {"action_time": "2025-11-23T13:13:12.898Z", "user": 1, "content_type": 7, "object_id": "10", "object_repr": "Conditioners", "action_flag": 1, "change_message": "[{\"added\": {}}]"}}, {"model": "admin.logentry", "pk": 45, "fields": {"action_time": "2025-11-23T13:13:35.913Z", "user": 1, "content_type": 7, "object_id": "11", "object_repr": "Hair Treatments & Masks", "action_flag": 1, "change_message": "[{\"added\": {}}]"}}, {"model": "admin.logentry", "pk": 46, "fields": {"action_time": "2025-11-23T13:14:34.749Z", "user": 1, "content_type": 7, "object_id": "12", "object_repr": "Styling & Finishing", "action_flag": 1, "change_message": "[{\"added\": {}}]"}}, {"model": "admin.logentry", "pk": 47, "fields": {"action_time": "2025-11-23T13:14:52.299Z", "user": 1, "content_type": 7, "object_id": "13", "object_repr": "Oils, Serums And Scalpcare", "action_flag": 1, "change_message": "[{\"added\": {}}]"}}, {"model": "admin.logentry", "pk": 48, "fields": {"action_time": "2025-11-23T13:15:10.950Z", "user": 1, "content_type": 7, "object_id": "10", "object_repr": "Conditioners", "action_flag": 2, "change_message": "[{\"changed\": {\"fields\": [\"Parent\"]}}]"}}, {"model": "admin.logentry", "pk": 49, "fields": {"action_time": "2025-11-23T13:20:45.850Z", "user": 1, "content_type": 8, "object_id": "1", "object_repr": "Mikalla - Mikalla Cleansing And Conditioning Shampoo", "action_flag": 1, "change_message": "[{\"added\": {}}, {\"added\": {\"name\": \"product variant\", \"object\": \"Mikalla Cleansing And Conditioning Shampoo - 450ml\"}}]"}}, {"model": "admin.logentry", "pk": 50, "fields": {"action_time": "2025-11-23T13:21:14.479Z", "user": 1, "content_type": 8, "object_id": "1", "object_repr": "Mikalla - Mikalla Cleansing And Conditioning Shampoo", "action_flag": 2, "change_message": "[{\"added\": {\"name\": \"product variant\", \"object\": \"Mikalla Cleansing And Conditioning Shampoo - 1000ml\"}}, {\"changed\": {\"name\": \"product variant\", \"object\": \"Mikalla Cleansing And Conditioning Shampoo - 450ml\", \"fields\": [\"Price\"]}}]"}}, {"model": "admin.logentry", "pk": 51, "fields": {"action_time": "2025-11-23T13:22:45.691Z", "user": 1, "content_type": 8, "object_id": "2", "object_repr": "Miadi - Miadi Fruity Shampoo", "action_flag": 1, "change_message": "[{\"added\": {}}, {\"added\": {\"name\": \"product variant\", \"object\": \"Miadi Fruity Shampoo - 237ml\"}}, {\"added\": {\"name\": \"product variant\", \"object\": \"Miadi Fruity Shampoo - 475ml\"}}, {\"added\": {\"name\": \"product variant\", \"object\": \"Miadi Fruity Shampoo - 1000 ml\"}}]"}}, {"model": "admin.logentry", "pk": 52, "fields": {"action_time": "2025-11-23T13:23:17.658Z", "user": 1, "content_type": 8, "object_id": "2", "object_repr": "Miadi - Miadi Fruity Shampoo", "action_flag": 2, "change_message": "[]"}}, {"model": "admin.logentry", "pk": 53, "fields": {"action_time": "2025-11-23T13:25:01.459Z", "user": 1, "content_type": 8, "object_id": "3", "object_repr": "Zoe - Zoe Shampoo Anti Dandruff", "action_flag": 1, "change_message": "[{\"added\": {}}, {\"added\": {\"name\": \"product variant\", \"object\": \"Zoe Shampoo Anti Dandruff - 500ml\"}}, {\"added\": {\"name\": \"product variant\", \"object\": \"Zoe Shampoo Anti Dandruff - 1000ml\"}}]"}}, {"model": "admin.logentry", "pk": 54, "fields": {"action_time": "2025-11-23T13:26:06.882Z", "user": 1, "content_type": 8, "object_id": "4", "object_repr": "TRE Semme' - Tre Semmé Luxurious Shampoo", "action_flag": 1, "change_message": "[{\"added\": {}}, {\"added\": {\"name\": \"product variant\", \"object\": \"Tre Semm\\u00e9 Luxurious Shampoo - 828ml\"}}]"}}, {"model": "admin.logentry", "pk": 55, "fields": {"action_time": "2025-11-23T13:27:09.859Z", "user": 1, "content_type": 8, "object_id": "5", "object_repr": "Cosmo - Cosmo Avocado Shampoo", "action_flag": 1, "change_message": "[{\"added\": {}}, {\"added\": {\"name\": \"product variant\", \"object\": \"Cosmo Avocado Shampoo - 480ml\"}}, {\"added\": {\"name\": \"product variant\", \"object\": \"Cosmo Avocado Shampoo - 1000ml\"}}]"}}, {"model": "admin.logentry", "pk": 56, "fields": {"action_time": "2025-11-23T13:28:32.062Z", "user": 1, "content_type": 8, "object_id": "6", "object_repr": "Mikalla - Mikalla Honey & Butter Conditioner", "action_flag": 1, "change_message": "[{\"added\": {}}, {\"added\": {\"name\": \"product variant\", \"object\": \"Mikalla Honey & Butter Conditioner - 450ml\"}}, {\"added\": {\"name\": \"product variant\", \"object\": \"Mikalla Honey & Butter Conditioner - 1000ml\"}}]"}}, {"model": "admin.logentry", "pk": 57, "fields": {"action_time": "2025-11-23T13:29:33.989Z", "user": 1, "content_type": 8, "object_id": "7", "object_repr": "Sheth Naturals - Sheba Instant conditioner", "action_flag": 1, "change_message": "[{\"added\": {}}, {\"added\": {\"name\": \"product variant\", \"object\": \"Sheba Instant conditioner - 250 ml\"}}, {\"added\": {\"name\": \"product variant\", \"object\": \"Sheba Instant conditioner - 500ml\"}}]"}}, {"model": "admin.logentry", "pk": 58, "fields": {"action_time": "2025-11-23T13:30:37.245Z", "user": 1, "content_type": 8, "object_id": "8", "object_repr": "ORS - ORS Oil Repleneshing Conditioner", "action_flag": 1, "change_message": "[{\"added\": {}}, {\"added\": {\"name\": \"product variant\", \"object\": \"ORS Oil Repleneshing Conditioner - 500ml\"}}, {\"added\": {\"name\": \"product variant\", \"object\": \"ORS Oil Repleneshing Conditioner - 1000ml\"}}]"}}, {"model": "admin.logentry", "pk": 59, "fields": {"action_time": "2025-11-23T13:31:23.521Z", "user": 1, "content_type": 8, "object_id": "9", "object_repr": "TRE Semme' - Tre Semmé Anti Breakage Conditioner", "action_flag": 1, "change_message": "[{\"added\": {}}, {\"added\": {\"name\": \"product variant\", \"object\": \"Tre Semm\\u00e9 Anti Breakage Conditioner - 828ml\"}}]"}}, {"model": "admin.logentry", "pk": 60, "fields": {"action_time": "2025-11-23T13:32:18.846Z", "user": 1, "content_type": 8, "object_id": "10", "object_repr": "Creme of Nature - Creme of Nature Cleansing Conditioner", "action_flag": 1, "change_message": "[{\"added\": {}}, {\"added\": {\"name\": \"product variant\", \"object\": \"Creme of Nature Cleansing Conditioner - 354ml\"}}]"}}, {"model": "admin.logentry", "pk": 61, "fields": {"action_time": "2025-11-23T13:34:18.273Z", "user": 1, "content_type": 8, "object_id": "11", "object_repr": "Mikalla - Mikalla Hair Mayonnaise", "action_flag": 1, "change_message": "[{\"added\": {}}, {\"added\": {\"name\": \"product variant\", \"object\": \"Mikalla Hair Mayonnaise - 261g\"}}, {\"added\": {\"name\": \"product variant\", \"object\": \"Mikalla Hair Mayonnaise - 407g\"}}, {\"added\": {\"name\": \"product variant\", \"object\": \"Mikalla Hair Mayonnaise - 700g\"}}]"}}, {"model": "admin.logentry", "pk": 62, "fields": {"action_time": "2025-11-23T13:36:48.457Z", "user": 1, "content_type": 8, "object_id": "12", "object_repr": "Mikalla - Mikalla Leave In Treatment", "action_flag": 1, "change_message": "[{\"added\": {}}, {\"added\": {\"name\": \"product variant\", \"object\": \"Mikalla Leave In Treatment - 250 ml\"}}, {\"added\": {\"name\": \"product variant\", \"object\": \"Mikalla Leave In Treatment - 500ml\"}}, {\"added\": {\"name\": \"product variant\", \"object\": \"Mikalla Leave In Treatment - 1000 ml\"}}]"}}, {"model": "admin.logentry", "pk": 63, "fields": {"action_time": "2025-11-23T13:40:35.110Z", "user": 1, "content_type": 8, "object_id": "13", "object_repr": "Mega Growth - Mega Growth Deep Treatment", "action_flag": 1, "change_message": "[{\"added\": {}}, {\"added\": {\"name\": \"product variant\", \"object\": \"Mega Growth Deep Treatment - 250 g\"}}, {\"added\": {\"name\": \"product variant\", \"object\": \"Mega Growth Deep Treatment - 460g\"}}]"}}, {"model": "admin.logentry", "pk": 64, "fields": {"action_time": "2025-11-23T13:42:02.626Z", "user": 1, "content_type": 8, "object_id": "14", "object_repr": "Tony Airo - Tony Airo Siri Leave In Treatment", "action_flag": 1, "change_message": "[{\"added\": {}}, {\"added\": {\"name\": \"product variant\", \"object\": \"Tony Airo Siri Leave In Treatment - 120 ml\"}}, {\"added\": {\"name\": \"product variant\", \"object\": \"Tony Airo Siri Leave In Treatment - 250 ml\"}}, {\"added\": {\"name\": \"product variant\", \"object\": \"Tony Airo Siri Leave In Treatment - 500ml\"}}]"}}, {"model": "admin.logentry", "pk": 65, "fields": {"action_time": "2025-11-23T13:43:15.963Z", "user": 1, "content_type": 8, "object_id": "15", "object_repr": "Miadi - Miadi Leave In Treatment", "action_flag": 1, "change_message": "[{\"added\": {}}, {\"added\": {\"name\": \"product variant\", \"object\": \"Miadi Leave In Treatment - 237ml\"}}, {\"added\": {\"name\": \"product variant\", \"object\": \"Miadi Leave In Treatment - 475ml\"}}]"}}, {"model": "admin.logentry", "pk": 66, "fields": {"action_time": "2025-11-23T13:44:32.673Z", "user": 1, "content_type": 8, "object_id": "16", "object_repr": "Black Essentials - Black Essentials Leave In Treatment", "action_flag": 1, "change_message": "[{\"added\": {}}, {\"added\": {\"name\": \"product variant\", \"object\": \"Black Essentials Leave In Treatment - 125ml\"}}, {\"added\": {\"name\": \"product variant\", \"object\": \"Black Essentials Leave In Treatment - 250 ml\"}}, {\"added\": {\"name\": \"product variant\", \"object\": \"Black Essentials Leave In Treatment - 500ml\"}}]"}}, {"model": "admin.logentry", "pk": 67, "fields": {"action_time": "2025-11-23T13:45:44.150Z", "user": 1, "content_type": 8, "object_id": "17", "object_repr": "TCB - TCB Deep Penetrating Treatment", "action_flag": 1, "change_message": "[{\"added\": {}}, {\"added\": {\"name\": \"product variant\", \"object\": \"TCB Deep Penetrating Treatment - 250 g\"}}, {\"added\": {\"name\": \"product variant\", \"object\": \"TCB Deep Penetrating Treatment - 500 g\"}}]"}}, {"model": "admin.logentry", "pk": 68, "fields": {"action_time": "2025-11-23T13:47:03.597Z", "user": 1, "content_type": 8, "object_id": "18", "object_repr": "ORS - ORS Olive Oil Hold and Shine Wrap Mousse", "action_flag": 1, "change_message": "[{\"added\": {}}, {\"added\": {\"name\": \"product variant\", \"object\": \"ORS Olive Oil Hold and Shine Wrap Mousse - 207ml\"}}]"}}, {"model": "admin.logentry", "pk": 69, "fields": {"action_time": "2025-11-23T13:47:38.307Z", "user": 1, "content_type": 8, "object_id": "18", "object_repr": "ORS - ORS Olive Oil Hold and Shine Wrap Mousse", "action_flag": 2, "change_message": "[{\"changed\": {\"name\": \"product variant\", \"object\": \"ORS Olive Oil Hold and Shine Wrap Mousse - 207ml\", \"fields\": [\"Price\", \"Stock\"]}}]"}}, {"model": "admin.logentry", "pk": 70, "fields": {"action_time": "2025-11-23T13:48:51.995Z", "user": 1, "content_type": 8, "object_id": "19", "object_repr": "Mikalla - Mikalla Styling gel", "action_flag": 1, "change_message": "[{\"added\": {}}, {\"added\": {\"name\": \"product variant\", \"object\": \"Mikalla Styling gel - 150 g\"}}, {\"added\": {\"name\": \"product variant\", \"object\": \"Mikalla Styling gel - 250 g\"}}, {\"added\": {\"name\": \"product variant\", \"object\": \"Mikalla Styling gel - 450g\"}}]"}}, {"model": "admin.logentry", "pk": 71, "fields": {"action_time": "2025-11-23T13:50:16.458Z", "user": 1, "content_type": 8, "object_id": "20", "object_repr": "Nice & Lovely - Nice & Lovely Firm Hold", "action_flag": 1, "change_message": "[{\"added\": {}}, {\"added\": {\"name\": \"product variant\", \"object\": \"Nice & Lovely Firm Hold - 60g\"}}, {\"added\": {\"name\": \"product variant\", \"object\": \"Nice & Lovely Firm Hold - 135g\"}}, {\"added\": {\"name\": \"product variant\", \"object\": \"Nice & Lovely Firm Hold - 270g\"}}]"}}, {"model": "admin.logentry", "pk": 72, "fields": {"action_time": "2025-11-23T13:51:54.899Z", "user": 1, "content_type": 8, "object_id": "21", "object_repr": "Movit - Movit Curl Activator Gel", "action_flag": 1, "change_message": "[{\"added\": {}}, {\"added\": {\"name\": \"product variant\", \"object\": \"Movit Curl Activator Gel - 80g\"}}, {\"added\": {\"name\": \"product variant\", \"object\": \"Movit Curl Activator Gel - 140g\"}}, {\"added\": {\"name\": \"product variant\", \"object\": \"Movit Curl Activator Gel - 360g\"}}, {\"added\": {\"name\": \"product variant\", \"object\": \"Movit Curl Activator Gel - 700g\"}}]"}}, {"model": "admin.logentry", "pk": 73, "fields": {"action_time": "2025-11-23T13:53:34.445Z", "user": 1, "content_type": 8, "object_id": "22", "object_repr": "Alison's - Alisons Coconut and Olive Hair Food", "action_flag": 1, "change_message": "[{\"added\": {}}, {\"added\": {\"name\": \"product variant\", \"object\": \"Alisons Coconut and Olive Hair Food - 50g\"}}, {\"added\": {\"name\": \"product variant\", \"object\": \"Alisons Coconut and Olive Hair Food - 100 g\"}}, {\"added\": {\"name\": \"product variant\", \"object\": \"Alisons Coconut and Olive Hair Food - 200g\"}}]"}}, {"model": "admin.logentry", "pk": 74, "fields": {"action_time": "2025-11-23T13:54:56.396Z", "user": 1, "content_type": 8, "object_id": "23", "object_repr": "TCB - TCB Naturals Nourishing Hair Food", "action_flag": 1, "change_message": "[{\"added\": {}}, {\"added\": {\"name\": \"product variant\", \"object\": \"TCB Naturals Nourishing Hair Food - 100 ml\"}}, {\"added\": {\"name\": \"product variant\", \"object\": \"TCB Naturals Nourishing Hair Food - 250 ml\"}}]"}}, {"model": "admin.logentry", "pk": 75, "fields": {"action_time": "2025-11-23T13:56:28.726Z", "user": 1, "content_type": 8, "object_id": "24", "object_repr": "Miadi - Miadi Hair Food", "action_flag": 1, "change_message": "[{\"added\": {}}, {\"added\": {\"name\": \"product variant\", \"object\": \"Miadi Hair Food - 85g\"}}, {\"added\": {\"name\": \"product variant\", \"object\": \"Miadi Hair Food - 200g\"}}, {\"added\": {\"name\": \"product variant\", \"object\": \"Miadi Hair Food - 400g\"}}]"}}, {"model": "admin.logentry", "pk": 76, "fields": {"action_time": "2025-11-23T13:57:55.604Z", "user": 1, "content_type": 8, "object_id": "25", "object_repr": "Mega Growth - Mega Growth Profectiv Anti-Breakage Hair Growth oil", "action_flag": 1, "change_message": "[{\"added\": {}}, {\"added\": {\"name\": \"product variant\", \"object\": \"Mega Growth Profectiv Anti-Breakage Hair Growth oil - 100ml\"}}, {\"added\": {\"name\": \"product variant\", \"object\": \"Mega Growth Profectiv Anti-Breakage Hair Growth oil - 180 ml\"}}, {\"added\": {\"name\": \"product variant\", \"object\": \"Mega Growth Profectiv Anti-Breakage Hair Growth oil - 270 ml\"}}]"}}, {"model": "admin.logentry", "pk": 77, "fields": {"action_time": "2025-11-23T13:59:27.769Z", "user": 1, "content_type": 8, "object_id": "25", "object_repr": "Mega Growth - Mega Growth Profectiv Anti-Breakage Hair Growth oil", "action_flag": 2, "change_message": "[{\"changed\": {\"name\": \"product variant\", \"object\": \"Mega Growth Profectiv Anti-Breakage Hair Growth oil - 236ML\", \"fields\": [\"Size (ml/g/oz)\", \"Price\", \"Stock\"]}}, {\"deleted\": {\"name\": \"product variant\", \"object\": \"Mega Growth Profectiv Anti-Breakage Hair Growth oil - 180 ml\"}}, {\"deleted\": {\"name\": \"product variant\", \"object\": \"Mega Growth Profectiv Anti-Breakage Hair Growth oil - 270 ml\"}}]"}}, {"model": "admin.logentry", "pk": 78, "fields": {"action_time": "2025-11-23T14:00:55.392Z", "user": 1, "content_type": 8, "object_id": "26", "object_repr": "Dabur - Dabur Amla Hair Oil", "action_flag": 1, "change_message": "[{\"added\": {}}, {\"added\": {\"name\": \"product variant\", \"object\": \"Dabur Amla Hair Oil - 100 ml\"}}, {\"added\": {\"name\": \"product variant\", \"object\": \"Dabur Amla Hair Oil - 180ml\"}}, {\"added\": {\"name\": \"product variant\", \"object\": \"Dabur Amla Hair Oil - 270ml\"}}]"}}, {"model": "admin.logentry", "pk": 79, "fields": {"action_time": "2025-11-23T14:05:40.517Z", "user": 1, "content_type": 8, "object_id": "27", "object_repr": "Stylin Dredz - Stylin Dredz Mouldin' Gel Wax", "action_flag": 1, "change_message": "[{\"added\": {}}, {\"added\": {\"name\": \"product variant\", \"object\": \"Stylin Dredz Mouldin' Gel Wax - 125ml\"}}, {\"added\": {\"name\": \"product variant\", \"object\": \"Stylin Dredz Mouldin' Gel Wax - 250 ml\"}}, {\"added\": {\"name\": \"product variant\", \"object\": \"Stylin Dredz Mouldin' Gel Wax - 500ml\"}}]"}}, {"model": "admin.logentry", "pk": 80, "fields": {"action_time": "2025-11-23T14:06:56.219Z", "user": 1, "content_type": 8, "object_id": "28", "object_repr": "Simple - Simple Kind to Kind Moisturising Cleanser", "action_flag": 1, "change_message": "[{\"added\": {}}, {\"added\": {\"name\": \"product variant\", \"object\": \"Simple Kind to Kind Moisturising Cleanser - 150ml\"}}]"}}, {"model": "admin.logentry", "pk": 81, "fields": {"action_time": "2025-11-23T14:07:55.538Z", "user": 1, "content_type": 8, "object_id": "29", "object_repr": "NIVEA - Nivea Perfect and Radiant 3 in 1 cleanser", "action_flag": 1, "change_message": "[{\"added\": {}}, {\"added\": {\"name\": \"product variant\", \"object\": \"Nivea Perfect and Radiant 3 in 1 cleanser - 150ml\"}}]"}}, {"model": "admin.logentry", "pk": 82, "fields": {"action_time": "2025-11-23T14:08:58.115Z", "user": 1, "content_type": 8, "object_id": "30", "object_repr": "Sheth Naturals - Mizizi Rose Water", "action_flag": 1, "change_message": "[{\"added\": {}}, {\"added\": {\"name\": \"product variant\", \"object\": \"Mizizi Rose Water - 250 ml\"}}]"}}, {"model": "admin.logentry", "pk": 83, "fields": {"action_time": "2025-11-23T14:10:54.360Z", "user": 1, "content_type": 8, "object_id": "31", "object_repr": "L'Oreal Paris - L'Oréal Paris fine flowers toner", "action_flag": 1, "change_message": "[{\"added\": {}}, {\"added\": {\"name\": \"product variant\", \"object\": \"L'Or\\u00e9al Paris fine flowers toner - 100 ml\"}}, {\"added\": {\"name\": \"product variant\", \"object\": \"L'Or\\u00e9al Paris fine flowers toner - 400 ml\"}}, {\"added\": {\"name\": \"product variant\", \"object\": \"L'Or\\u00e9al Paris fine flowers toner - 700 ml\"}}]"}}, {"model": "admin.logentry", "pk": 84, "fields": {"action_time": "2025-11-23T14:11:51.673Z", "user": 1, "content_type": 8, "object_id": "31", "object_repr": "L'Oreal Paris - L'Oréal Paris fine flowers toner", "action_flag": 2, "change_message": "[{\"changed\": {\"name\": \"product variant\", \"object\": \"L'Or\\u00e9al Paris fine flowers toner - 400ml\", \"fields\": [\"Size (ml/g/oz)\", \"Price\", \"Stock\"]}}, {\"deleted\": {\"name\": \"product variant\", \"object\": \"L'Or\\u00e9al Paris fine flowers toner - 700 ml\"}}]"}}, {"model": "admin.logentry", "pk": 85, "fields": {"action_time": "2025-11-23T14:13:26.623Z", "user": 1, "content_type": 8, "object_id": "32", "object_repr": "Garnier - Garnier Micellar Cleansing water", "action_flag": 1, "change_message": "[{\"added\": {}}, {\"added\": {\"name\": \"product variant\", \"object\": \"Garnier Micellar Cleansing water - 100 ml\"}}, {\"added\": {\"name\": \"product variant\", \"object\": \"Garnier Micellar Cleansing water - 400 ml\"}}, {\"added\": {\"name\": \"product variant\", \"object\": \"Garnier Micellar Cleansing water - 700 ml\"}}]"}}, {"model": "admin.logentry", "pk": 86, "fields": {"action_time": "2025-11-23T14:14:59.003Z", "user": 1, "content_type": 8, "object_id": "33", "object_repr": "Uncover - Uncover Licorice Dark Spot serum", "action_flag": 1, "change_message": "[{\"added\": {}}, {\"added\": {\"name\": \"product variant\", \"object\": \"Uncover Licorice Dark Spot serum - 30ml\"}}]"}}, {"model": "admin.logentry", "pk": 87, "fields": {"action_time": "2025-11-23T14:16:15.388Z", "user": 1, "content_type": 8, "object_id": "34", "object_repr": "NIVEA - Nivea Q10 Serum", "action_flag": 1, "change_message": "[{\"added\": {}}, {\"added\": {\"name\": \"product variant\", \"object\": \"Nivea Q10 Serum - 50 ml\"}}]"}}, {"model": "admin.logentry", "pk": 88, "fields": {"action_time": "2025-11-23T14:16:15.432Z", "user": 1, "content_type": 8, "object_id": "35", "object_repr": "NIVEA - Nivea Q10 Serum", "action_flag": 1, "change_message": "[{\"added\": {}}, {\"added\": {\"name\": \"product variant\", \"object\": \"Nivea Q10 Serum - 50 ml\"}}]"}}, {"model": "admin.logentry", "pk": 89, "fields": {"action_time": "2025-11-23T14:17:20.866Z", "user": 1, "content_type": 8, "object_id": "36", "object_repr": "Garnier - Garnier Vitamin C Booster Serum", "action_flag": 1, "change_message": "[{\"added\": {}}, {\"added\": {\"name\": \"product variant\", \"object\": \"Garnier Vitamin C Booster Serum - 30ml\"}}]"}}, {"model": "admin.logentry", "pk": 90, "fields": {"action_time": "2025-11-23T14:18:22.489Z", "user": 1, "content_type": 8, "object_id": "37", "object_repr": "L'Oreal Paris - L'Oreal Paris Revitalift hydrating Serum", "action_flag": 1, "change_message": "[{\"added\": {}}, {\"added\": {\"name\": \"product variant\", \"object\": \"L'Oreal Paris Revitalift hydrating Serum - 30ml\"}}]"}}, {"model": "admin.logentry", "pk": 91, "fields": {"action_time": "2025-11-23T14:22:03.373Z", "user": 1, "content_type": 8, "object_id": "38", "object_repr": "Luron - Luron Acne Control Pimple Cream", "action_flag": 1, "change_message": "[{\"added\": {}}, {\"added\": {\"name\": \"product variant\", \"object\": \"Luron Acne Control Pimple Cream - 15ml\"}}]"}}, {"model": "admin.logentry", "pk": 92, "fields": {"action_time": "2025-11-23T14:23:21.225Z", "user": 1, "content_type": 8, "object_id": "39", "object_repr": "NIVEA - Nivea Soft Moisturing Cream", "action_flag": 1, "change_message": "[{\"added\": {}}, {\"added\": {\"name\": \"product variant\", \"object\": \"Nivea Soft Moisturing Cream - 75ml\"}}, {\"added\": {\"name\": \"product variant\", \"object\": \"Nivea Soft Moisturing Cream - 200ml\"}}]"}}, {"model": "admin.logentry", "pk": 93, "fields": {"action_time": "2025-11-23T14:24:46.428Z", "user": 1, "content_type": 8, "object_id": "40", "object_repr": "Simple - Simple Hydrating moisturizer", "action_flag": 1, "change_message": "[{\"added\": {}}, {\"added\": {\"name\": \"product variant\", \"object\": \"Simple Hydrating moisturizer - 125ml\"}}]"}}, {"model": "admin.logentry", "pk": 94, "fields": {"action_time": "2025-11-23T14:26:10.924Z", "user": 1, "content_type": 8, "object_id": "41", "object_repr": "Uncover - Uncover Argan Hydrating Moisturiser", "action_flag": 1, "change_message": "[{\"added\": {}}, {\"added\": {\"name\": \"product variant\", \"object\": \"Uncover Argan Hydrating Moisturiser - 30ml\"}}, {\"added\": {\"name\": \"product variant\", \"object\": \"Uncover Argan Hydrating Moisturiser - 100 ml\"}}]"}}, {"model": "admin.logentry", "pk": 95, "fields": {"action_time": "2025-11-23T14:27:12.059Z", "user": 1, "content_type": 8, "object_id": "42", "object_repr": "NIVEA - Nivea Perfect and Radiant Night Cream", "action_flag": 1, "change_message": "[{\"added\": {}}, {\"added\": {\"name\": \"product variant\", \"object\": \"Nivea Perfect and Radiant Night Cream - 50 ml\"}}]"}}, {"model": "admin.logentry", "pk": 96, "fields": {"action_time": "2025-11-23T14:28:03.126Z", "user": 1, "content_type": 8, "object_id": "43", "object_repr": "Luron - Luron Replenishing Night Cream", "action_flag": 1, "change_message": "[{\"added\": {}}, {\"added\": {\"name\": \"product variant\", \"object\": \"Luron Replenishing Night Cream - 50ml\"}}]"}}, {"model": "admin.logentry", "pk": 97, "fields": {"action_time": "2025-11-23T14:29:06.423Z", "user": 1, "content_type": 8, "object_id": "44", "object_repr": "Garnier - Garnier Skin Active Green Tea Facing Sheet Mask", "action_flag": 1, "change_message": "[{\"added\": {}}, {\"added\": {\"name\": \"product variant\", \"object\": \"Garnier Skin Active Green Tea Facing Sheet Mask - 28g\"}}]"}}, {"model": "admin.logentry", "pk": 98, "fields": {"action_time": "2025-11-23T14:29:53.258Z", "user": 1, "content_type": 8, "object_id": "45", "object_repr": "Face Facts - Face Facts Smoothing Honey Peel Off mask", "action_flag": 1, "change_message": "[{\"added\": {}}, {\"added\": {\"name\": \"product variant\", \"object\": \"Face Facts Smoothing Honey Peel Off mask - 60ml\"}}]"}}, {"model": "admin.logentry", "pk": 99, "fields": {"action_time": "2025-11-23T14:30:49.471Z", "user": 1, "content_type": 8, "object_id": "46", "object_repr": "Beauty Clinic - Beauty Clinic Aloevera Mud Mask", "action_flag": 1, "change_message": "[{\"added\": {}}, {\"added\": {\"name\": \"product variant\", \"object\": \"Beauty Clinic Aloevera Mud Mask - 500ml\"}}]"}}, {"model": "admin.logentry", "pk": 100, "fields": {"action_time": "2025-11-23T14:31:46.187Z", "user": 1, "content_type": 8, "object_id": "47", "object_repr": "Uncover - Uncover I am Beau-Tea-Ful Green Tea Detoxifying sheet mask", "action_flag": 1, "change_message": "[{\"added\": {}}, {\"added\": {\"name\": \"product variant\", \"object\": \"Uncover I am Beau-Tea-Ful Green Tea Detoxifying sheet mask - 50g\"}}]"}}, {"model": "admin.logentry", "pk": 101, "fields": {"action_time": "2025-11-23T14:34:00.586Z", "user": 1, "content_type": 8, "object_id": "48", "object_repr": "Himalaya - Himalayan Detox Charcoal Mask", "action_flag": 1, "change_message": "[{\"added\": {}}, {\"added\": {\"name\": \"product variant\", \"object\": \"Himalayan Detox Charcoal Mask - 75ml\"}}]"}}, {"model": "admin.logentry", "pk": 102, "fields": {"action_time": "2025-11-23T14:35:28.003Z", "user": 1, "content_type": 8, "object_id": "49", "object_repr": "NIVEA - Nivea Sunshine Control spf 50", "action_flag": 1, "change_message": "[{\"added\": {}}, {\"added\": {\"name\": \"product variant\", \"object\": \"Nivea Sunshine Control spf 50 - 50 ml\"}}]"}}, {"model": "admin.logentry", "pk": 103, "fields": {"action_time": "2025-11-23T14:36:22.305Z", "user": 1, "content_type": 8, "object_id": "50", "object_repr": "La Roche' Posay - La Roche Posay Anthelios UV Immune Tinted", "action_flag": 1, "change_message": "[{\"added\": {}}, {\"added\": {\"name\": \"product variant\", \"object\": \"La Roche Posay Anthelios UV Immune Tinted - 50 ml\"}}]"}}, {"model": "admin.logentry", "pk": 104, "fields": {"action_time": "2025-11-23T14:37:52.083Z", "user": 1, "content_type": 8, "object_id": "51", "object_repr": "Cera Ve - Cerave Facial Moisturising lotion (SPF 50)", "action_flag": 1, "change_message": "[{\"added\": {}}, {\"added\": {\"name\": \"product variant\", \"object\": \"Cerave Facial Moisturising lotion (SPF 50) - 52ml\"}}, {\"added\": {\"name\": \"product variant\", \"object\": \"Cerave Facial Moisturising lotion (SPF 50) - 89ml\"}}]"}}, {"model": "admin.logentry", "pk": 105, "fields": {"action_time": "2025-11-23T14:38:48.802Z", "user": 1, "content_type": 8, "object_id": "52", "object_repr": "Uncover - Uncover Aloe Invisible Sunscren (SPF 50)", "action_flag": 1, "change_message": "[{\"added\": {}}, {\"added\": {\"name\": \"product variant\", \"object\": \"Uncover Aloe Invisible Sunscren (SPF 50) - 80ml\"}}]"}}, {"model": "admin.logentry", "pk": 106, "fields": {"action_time": "2025-11-23T14:39:39.595Z", "user": 1, "content_type": 8, "object_id": "53", "object_repr": "Garnier - Garnier Skin Active Green Tea", "action_flag": 1, "change_message": "[{\"added\": {}}, {\"added\": {\"name\": \"product variant\", \"object\": \"Garnier Skin Active Green Tea - 30ml\"}}]"}}, {"model": "admin.logentry", "pk": 107, "fields": {"action_time": "2025-11-23T14:40:45.183Z", "user": 1, "content_type": 8, "object_id": "54", "object_repr": "NIVEA - Nivea Blueberry Lip Balm", "action_flag": 1, "change_message": "[{\"added\": {}}, {\"added\": {\"name\": \"product variant\", \"object\": \"Nivea Blueberry Lip Balm - 4.8g\"}}]"}}, {"model": "admin.logentry", "pk": 108, "fields": {"action_time": "2025-11-23T14:40:59.565Z", "user": 1, "content_type": 8, "object_id": "55", "object_repr": "NIVEA - Nivea Blueberry Lip Balm", "action_flag": 1, "change_message": "[{\"added\": {}}, {\"added\": {\"name\": \"product variant\", \"object\": \"Nivea Blueberry Lip Balm - 4.8g\"}}]"}}, {"model": "admin.logentry", "pk": 109, "fields": {"action_time": "2025-11-23T14:41:53.983Z", "user": 1, "content_type": 8, "object_id": "56", "object_repr": "NIVEA - Nivea Classic Lip Balm", "action_flag": 1, "change_message": "[{\"added\": {}}, {\"added\": {\"name\": \"product variant\", \"object\": \"Nivea Classic Lip Balm - 4.8g\"}}]"}}, {"model": "admin.logentry", "pk": 110, "fields": {"action_time": "2025-11-23T14:42:46.130Z", "user": 1, "content_type": 8, "object_id": "57", "object_repr": "NIVEA - Nivea Strawberry  Lip Balm", "action_flag": 1, "change_message": "[{\"added\": {}}, {\"added\": {\"name\": \"product variant\", \"object\": \"Nivea Strawberry  Lip Balm - 4.8g\"}}]"}}, {"model": "admin.logentry", "pk": 111, "fields": {"action_time": "2025-11-23T14:43:39.016Z", "user": 1, "content_type": 8, "object_id": "58", "object_repr": "Anashe - Anashe LipGloss 601", "action_flag": 1, "change_message": "[{\"added\": {}}, {\"added\": {\"name\": \"product variant\", \"object\": \"Anashe LipGloss 601 - 10ml\"}}]"}}, {"model": "admin.logentry", "pk": 112, "fields": {"action_time": "2025-11-23T14:44:41.859Z", "user": 1, "content_type": 8, "object_id": "59", "object_repr": "Zaron - Zaron New Luxurious Lip gloss Sugarplum", "action_flag": 1, "change_message": "[{\"added\": {}}, {\"added\": {\"name\": \"product variant\", \"object\": \"Zaron New Luxurious Lip gloss Sugarplum - 6.5ml\"}}]"}}, {"model": "admin.logentry", "pk": 113, "fields": {"action_time": "2025-11-23T14:46:30.107Z", "user": 1, "content_type": 8, "object_id": "1", "object_repr": "Mikalla - Mikalla Cleansing And Conditioning Shampoo", "action_flag": 2, "change_message": "[]"}}, {"model": "admin.logentry", "pk": 114, "fields": {"action_time": "2025-11-23T14:47:45.662Z", "user": 1, "content_type": 8, "object_id": "9", "object_repr": "TRE Semme' - Tre Semmé Anti Breakage Conditioner", "action_flag": 2, "change_message": "[]"}}, {"model": "admin.logentry", "pk": 115, "fields": {"action_time": "2025-11-23T14:49:50.049Z", "user": 1, "content_type": 8, "object_id": "55", "object_repr": "NIVEA - Nivea Blueberry Lip Balm", "action_flag": 3, "change_message": ""}}, {"model": "admin.logentry", "pk": 116, "fields": {"action_time": "2025-11-23T14:50:59.481Z", "user": 1, "content_type": 8, "object_id": "34", "object_repr": "NIVEA - Nivea Q10 Serum", "action_flag": 2, "change_message": "[]"}}, {"model": "admin.logentry", "pk": 117, "fields": {"action_time": "2025-11-23T14:51:11.367Z", "user": 1, "content_type": 8, "object_id": "35", "object_repr": "NIVEA - Nivea Q10 Serum", "action_flag": 3, "change_message": ""}}, {"model": "admin.logentry", "pk": 118, "fields": {"action_time": "2025-11-25T09:14:25.331Z", "user": 1, "content_type": 8, "object_id": "32", "object_repr": "Garnier - Garnier Micellar Cleansing water", "action_flag": 2, "change_message": "[{\"changed\": {\"name\": \"product variant\", \"object\": \"Garnier Micellar Cleansing water - 400 ml\", \"fields\": [\"Price\"]}}, {\"changed\": {\"name\": \"product variant\", \"object\": \"Garnier Micellar Cleansing water - 700 ml\", \"fields\": [\"Price\"]}}]"}}, {"model": "sessions.session", "pk": "3gz2eeth8e1r1e00ooba9izsjas1paxo", "fields": {"session_data": "e30:1vNIhl:aGoFtj1Uwa2Z4SO3wvewpOelx2tb_FxRiTDszW5r900", "expire_date": "2025-12-07T22:37:13.631Z"}}, {"model": "sessions.session", "pk": "8ugkeqgbu1zrs7ncy0rf7lujmxbrmohf", "fields": {"session_data": ".eJxVjEEOwiAQRe_C2pApUAGX7j0DGWamUjU0Ke3KeHfbpAvd_vfef6uE61LS2mROI6uL6tXpd8tIT6k74AfW-6Rpqss8Zr0r-qBN3yaW1_Vw_w4KtrLVuWPLlgZrjAGwJMLCPiCg92jiRgWNG1ggOhvgHBEAKLMH11EfjPp8AfahN94:1vNvrN:wO5jQLRAEF8dtg9m9gA2oAgzOyBOunqS6hyDLy5I798", "expire_date": "2025-12-09T16:25:45.713Z"}}, {"model": "sessions.session", "pk": "d5bpuy27xjgfwp1y08kliy61jfjmc5cl", "fields": {"session_data": ".eJxVjDsOwjAQBe_iGln-rL0OJX3OYK1_OIAcKU4qxN1JpBTQzsx7b-ZpW6vfel78lNiVAbv8skDxmdsh0oPafeZxbusyBX4k_LSdj3PKr9vZ_h1U6nVfC8QSVZFaO5GkkpSN2ZkTlhRaSULJ4gZwgBEtUBFq0BoSxhIMEkj2-QKtSDZ9:1vNavK:Jok0TaHSi4GtvIib7vfJ4L_4ZOR_8eZei0KTmErQ7yM", "expire_date": "2025-12-08T18:04:26.568Z"}}, {"model": "sessions.session", "pk": "f8woxj8voil3aqyvgdsx336vtbvxvztq", "fields": {"session_data": ".eJxVjDsOwjAQBe_iGln2xl9Kes5g7XodHECOFCcV4u4QKQW0b2beSyTc1pq2XpY0sTgLLU6_G2F-lLYDvmO7zTLPbV0mkrsiD9rldebyvBzu30HFXr81hAHQs_LkXQGwYIMboo9ZjThCMBiADbusc4ja6KgKQbBGKWJDlkm8P7gfNxA:1vN8y5:pp16rWw3EC4JSTJSXXPJTUwyMutrEjeGOPTo0QeYSjE", "expire_date": "2025-12-07T12:13:25.100Z"}}, {"model": "sessions.session", "pk": "g5p3rjoy8xno8s2y6okbvfrs17n7td8l", "fields": {"session_data": ".eJxVjDsOwjAQBe_iGln2xl9Kes5g7XodHECOFCcV4u4QKQW0b2beSyTc1pq2XpY0sTgLLU6_G2F-lLYDvmO7zTLPbV0mkrsiD9rldebyvBzu30HFXr81hAHQs_LkXQGwYIMboo9ZjThCMBiADbusc4ja6KgKQbBGKWJDlkm8P7gfNxA:1vPUL3:mqYptuLySF49da9tjxYkPT7thdO3-f5q4wtV_QaUmYI", "expire_date": "2025-11-30T00:11:49.763Z"}}, {"model": "sessions.session", "pk": "qa36axft471izt43lbyhoqsl6x56oxug", "fields": {"session_data": ".eJxVjDsOwjAQRO_iGlk2_qxDSc8ZrF3vmgRQIsVJhbg7iZQCutG8N_NWGdelz2uTOQ-sLsqp029HWJ4y7oAfON4nXaZxmQfSu6IP2vRtYnldD_fvoMfWb2s6g8NkgTpTArCvW2KoMaDzEGvpkomWhMVEYstAjoRCCt67gGBFfb7nXzgQ:1vNbKT:ltz-G3-82p4WMEi1F18QxNUGMvTPM5SNzaSYoIgj5Ik", "expire_date": "2025-12-08T18:30:25.159Z"}}, {"model": "sessions.session", "pk": "v5umd6spd0i55mpkj4egxgu2pmgqpx76", "fields": {"session_data": ".eJxVjDsOwjAQBe_iGln2xl9Kes5g7XodHECOFCcV4u4QKQW0b2beSyTc1pq2XpY0sTgLLU6_G2F-lLYDvmO7zTLPbV0mkrsiD9rldebyvBzu30HFXr81hAHQs_LkXQGwYIMboo9ZjThCMBiADbusc4ja6KgKQbBGKWJDlkm8P7gfNxA:1vNpva:zGHMkJD-Ll4pp-YkRUgj_b1e1BKjOgJ2EKvZ1MIAbZw", "expire_date": "2025-12-09T10:05:42.923Z"}}, {"model": "sessions.session", "pk": "vs90pzfnlkriik2fs76yg1kmkxj01fms", "fields": {"session_data": ".eJxVjDsOwjAQRO_iGlk2_qxDSc8ZrF3vmgRQIsVJhbg7iZQCutG8N_NWGdelz2uTOQ-sLsqp029HWJ4y7oAfON4nXaZxmQfSu6IP2vRtYnldD_fvoMfWb2s6g8NkgTpTArCvW2KoMaDzEGvpkomWhMVEYstAjoRCCt67gGBFfb7nXzgQ:1vNfnU:pXQ0F80yAT3K5jn7wbrkh3dN4EZzweCAUDM1whY6ijY", "expire_date": "2025-12-08T23:16:40.131Z"}}, {"model": "store.category", "pk": 1, "fields": {"name": "Cleansers & Toners", "slug": "cleansers-toners", "parent": 4}}, {"model": "store.category", "pk": 2, "fields": {"name": "Skin Serums & Treatments", "slug": "serums-treatments", "parent": 4}}, {"model": "store.category", "pk": 3, "fields": {"name": "Haircare", "slug": "haircare", "parent": null}}, {"model": "store.category", "pk": 4, "fields": {"name": "Skincare", "slug": "skincare", "parent": null}}, {"model": "store.category", "pk": 5, "fields": {"name": "Moisturisers & Creams", "slug": "moisturisers-creams", "parent": 4}}, {"model": "store.category", "pk": 6, "fields": {"name": "Masks & Peels", "slug": "masks-peels", "parent": 4}}, {"model": "store.category", "pk": 7, "fields": {"name": "Sun Protection", "slug": "sun-protection", "parent": 4}}, {"model": "store.category", "pk": 8, "fields": {"name": "Lipcare", "slug": "lipcare", "parent": 4}}, {"model": "store.category", "pk": 9, "fields": {"name": "Shampoos", "slug": "shampoos", "parent": 3}}, {"model": "store.category", "pk": 10, "fields": {"name": "Conditioners", "slug": "conditioners", "parent": 3}}, {"model": "store.category", "pk": 11, "fields": {"name": "Hair Treatments & Masks", "slug": "hair-treatments-masks", "parent": 3}}, {"model": "store.category", "pk": 12, "fields": {"name": "Styling & Finishing", "slug": "styling-finishing", "parent": 3}}, {"model": "store.category", "pk": 13, "fields": {"name": "Oils, Serums And Scalpcare", "slug": "oils-serums-and-scalpcare", "parent": 3}}, {"model": "store.brand", "pk": 1, "fields": {"name": "Mikalla"}}, {"model": "store.brand", "pk": 2, "fields": {"name": "NIVEA"}}, {"model": "store.brand", "pk": 3, "fields": {"name": "Miadi"}}, {"model": "store.brand", "pk": 4, "fields": {"name": "Zoe"}}, {"model": "store.brand", "pk": 5, "fields": {"name": "TRE Semme'"}}, {"model": "store.brand", "pk": 6, "fields": {"name": "Cosmo"}}, {"model": "store.brand", "pk": 7, "fields": {"name": "Sheth Naturals"}}, {"model": "store.brand", "pk": 8, "fields": {"name": "ORS"}}, {"model": "store.brand", "pk": 9, "fields": {"name": "Creme of Nature"}}, {"model": "store.brand", "pk": 10, "fields": {"name": "Mega Growth"}}, {"model": "store.brand", "pk": 11, "fields": {"name": "Tony Airo"}}, {"model": "store.brand", "pk": 12, "fields": {"name": "Black Essentials"}}, {"model": "store.brand", "pk": 13, "fields": {"name": "TCB"}}, {"model": "store.brand", "pk": 14, "fields": {"name": "Nice & Lovely"}}, {"model": "store.brand", "pk": 15, "fields": {"name": "Stylin Dredz"}}, {"model": "store.brand", "pk": 16, "fields": {"name": "Movit"}}, {"model": "store.brand", "pk": 17, "fields": {"name": "Alison's"}}, {"model": "store.brand", "pk": 18, "fields": {"name": "Dabur"}}, {"model": "store.brand", "pk": 19, "fields": {"name": "Simple"}}, {"model": "store.brand", "pk": 20, "fields": {"name": "Garnier"}}, {"model": "store.brand", "pk": 21, "fields": {"name": "L'Oreal Paris"}}, {"model": "store.brand", "pk": 22, "fields": {"name": "Uncover"}}, {"model": "store.brand", "pk": 23, "fields": {"name": "Luron"}}, {"model": "store.brand", "pk": 24, "fields": {"name": "Face Facts"}}, {"model": "store.brand", "pk": 25, "fields": {"name": "Beauty Clinic"}}, {"model": "store.brand", "pk": 26, "fields": {"name": "Himalaya"}}, {"model": "store.brand", "pk": 27, "fields": {"name": "La Roche' Posay"}}, {"model": "store.brand", "pk": 28, "fields": {"name": "Cera Ve"}}, {"model": "store.brand", "pk": 29, "fields": {"name": "Anashe"}}, {"model": "store.brand", "pk": 30, "fields": {"name": "Zaron"}}, {"model": "store.product", "pk": 1, "fields": {"category": 9, "brand": 1, "stock": 10, "is_available": true, "name": "Mikalla Cleansing And Conditioning Shampoo", "slug": "mikalla-cleansing-and-conditioning-shampoo", "description": "Mikalla Cleansing and Conditioning Shampoo gently cleanses all dirt and residue from hair without stripping off essential nutrients. It contains a highly versatile formula with a blend of quality conditioning agents that will leave your hair healthier, shinier and silky. This gentle yet effective shampoo has an exemplary spread and lathering features that leave your hair feeling soft and full of body. It is also enhanced with vitamin B5 that improves the strength of your hair, whilst nurturing and restoring natural moisture.", "image": "photos/mikallashampoo.jpg", "available": true, "created": "2025-11-23T13:20:45.843Z", "updated": "2025-11-23T14:46:30.105Z"}}, {"model": "store.product", "pk": 2, "fields": {"category": 9, "brand": 3, "stock": 10, "is_available": true, "name": "Miadi Fruity Shampoo", "slug": "miadi-fruity-shampoo", "description": "MIADI Fruity Shampoo is a 2-in-1 product that cleanses and conditions hair to leave it soft and manageable. It is formulated to gently wash away impurities without stripping natural oils, making hair stronger and less prone to breakage. It has a pleasant scent, and is specifically designed to nourish and moisturize different needs of African hair.", "image": "photos/miadifruity.jpg", "available": true, "created": "2025-11-23T13:22:45.669Z", "updated": "2025-11-23T13:23:17.655Z"}}, {"model": "store.product", "pk": 3, "fields": {"category": 9, "brand": 4, "stock": 10, "is_available": true, "name": "Zoe Shampoo Anti Dandruff", "slug": "zoe-shampoo-anti-dandruff", "description": "Zoe Anti‑Dandruff Shampoo gently soothes an itchy scalp and reduces flakes, leaving hair clean and refreshed thanks to piroctone olamine that targets Malassezia, ichthyol pale for anti‑inflammatory action, tea tree oil to calm irritation, wheat protein for strength and shine, and panthenol to hydrate, all in a sulfate‑free base safe for color‑treated hair.", "image": "photos/Zoe_Anti-dandruff_Shampoo.png", "available": true, "created": "2025-11-23T13:25:01.456Z", "updated": "2025-11-23T13:25:01.456Z"}}, {"model": "store.product", "pk": 4, "fields": {"category": 9, "brand": 5, "stock": 10, "is_available": true, "name": "Tre Semmé Luxurious Shampoo", "slug": "tre-semme-luxurious-shampoo", "description": "Tressemé Luxurious Shampoo delivers a spa‑like experience that leaves hair feeling irresistibly silty, thanks to a blend of nourishing ingredients: argan oil supplies deep moisture and shine, hydrolyzed keratin rebuilds weakened strands, panthenol (vitamin B5) boosts hydration and elasticity, and a hint of rosemary extract stimulates the scalp for healthier growth, all wrapped in a sulfate‑free, pH‑balanced formula that respects color‑treated hair while imparting a delicate, lingering fragrance.", "image": "photos/tresemme_shampoo.jpeg", "available": true, "created": "2025-11-23T13:26:06.878Z", "updated": "2025-11-23T13:26:06.878Z"}}, {"model": "store.product", "pk": 5, "fields": {"category": 9, "brand": 6, "stock": 10, "is_available": true, "name": "Cosmo Avocado Shampoo", "slug": "cosmo-avocado-shampoo", "description": "Cosmo Avocado Shampoo is infused with the goodness of avocado, deeply nourishing and hydrating your hair, leaving it soft and revitalized. Perfect for dry and damaged hair, this shampoo provides the necessary moisture to restore your hair's health. With its gentle formula, it's suitable for daily use.", "image": "photos/cosmo_shampoo.webp", "available": true, "created": "2025-11-23T13:27:09.855Z", "updated": "2025-11-23T13:27:09.855Z"}}, {"model": "store.product", "pk": 6, "fields": {"category": 10, "brand": 1, "stock": 10, "is_available": true, "name": "Mikalla Honey & Butter Conditioner", "slug": "mikalla-honey-butter-conditioner", "description": "Mikalla Honey & Butter Hair Conditioner Detangler is a light and non-greasy cream that soothes dry itchy scalp. Contains anti-bacterial and anti-fungal properties which keep your scalp free from dandruff. Also rich in natural ingredients that improve the texture of your hair. Ideal for protecting your hair against the effects of heat treatment. Enriched with natural herbs that repair split ends, revive damaged hair and promote hair growth.", "image": "photos/mikalla_conditioner.webp", "available": true, "created": "2025-11-23T13:28:32.058Z", "updated": "2025-11-23T13:28:32.058Z"}}, {"model": "store.product", "pk": 7, "fields": {"category": 10, "brand": 7, "stock": 10, "is_available": true, "name": "Sheba Instant conditioner", "slug": "sheba-instant-conditioner", "description": "Suitable for all hair types and ages, including natural, relaxed, and color-treated hair. It works to separate tangles, cut detangling time in half, and can be used as a co-wash for frequent cleansing. To effectively use the conditioner, apply it on your hair and leave it in for 10 minutes, use your fingers to detangle or the wide tooth comb.", "image": "photos/sheba_conditioner.webp", "available": true, "created": "2025-11-23T13:29:33.983Z", "updated": "2025-11-23T13:29:33.983Z"}}, {"model": "store.product", "pk": 8, "fields": {"category": 10, "brand": 8, "stock": 10, "is_available": true, "name": "ORS Oil Repleneshing Conditioner", "slug": "ors-oil-repleneshing-conditioner", "description": "The ORS Replenishing Conditioner deeply penetrates to restore moisture and add shine to the hair scalp. Formulated with Olive Oil, Sweet Orange Oil and Marine Proteins, this conditioner fortifies and balances moisture and protein levels, resulting in stronger, healthier hair that is shiny and manageable. Suitable for all hair types.", "image": "photos/olive_conditioner.webp", "available": true, "created": "2025-11-23T13:30:37.236Z", "updated": "2025-11-23T13:30:37.236Z"}}, {"model": "store.product", "pk": 9, "fields": {"category": 10, "brand": 5, "stock": 10, "is_available": true, "name": "Tre Semmé Anti Breakage Conditioner", "slug": "tre-semme-anti-breakage-conditioner", "description": "Tresemmé Anti‑Breakage Conditioner is formulated to fortify fragile strands and reduce snapping, leaving hair noticeably stronger, smoother and more resilient. Enriched with hydrolyzed keratin, argan oil and a blend of conditioning agents, it penetrates the cortex to rebuild weakened fibers while coating each hair shaft with a lightweight, non‑greasy film that detangles and protects against everyday stressors.", "image": "photos/tresemme_conditioner.jpeg", "available": true, "created": "2025-11-23T13:31:23.515Z", "updated": "2025-11-23T14:47:45.660Z"}}, {"model": "store.product", "pk": 10, "fields": {"category": 10, "brand": 9, "stock": 10, "is_available": true, "name": "Creme of Nature Cleansing Conditioner", "slug": "creme-of-nature-cleansing-conditioner", "description": "This moisturizing formula is an intensive deep conditioning treatment that strengthens and helps prevent breakage, while detangling and adding shine. Ideal for all hair types, this treatment can be used after every shampoo as a quick conditioner or every week as a re-constructor for noticeably healthy hair that you can see and feel.", "image": "photos/crene_of_nature.webp", "available": true, "created": "2025-11-23T13:32:18.842Z", "updated": "2025-11-23T13:32:18.842Z"}}, {"model": "store.product", "pk": 11, "fields": {"category": 11, "brand": 1, "stock": 10, "is_available": true, "name": "Mikalla Hair Mayonnaise", "slug": "mikalla-hair-mayonnaise", "description": "Mikalla Mayonnaise is a deep conditioning hair treatment designed to nourish and revive dry, damaged hair using ingredients like olive oil, shea butter, and vitamins. It provides intense moisture, helps detangle and control frizz, and protects hair from heat damage, ultimately leaving it softer, smoother, and more manageable.", "image": "photos/Mayonnaisemikalla.jpg", "available": true, "created": "2025-11-23T13:34:18.268Z", "updated": "2025-11-23T13:34:18.268Z"}}, {"model": "store.product", "pk": 12, "fields": {"category": 11, "brand": 1, "stock": 10, "is_available": true, "name": "Mikalla Leave In Treatment", "slug": "mikalla-leave-in-treatment", "description": "The Mikalla Total Moisture Boost Leave-In Treatment is specially formulated to invigorate, moisturize, detangle and protect hair. It is enriched with menthol (helps soothe itchy scalps), shea butter (works as a great sealant & heat protectant) and castor oil (moisturizes and thickens hair while reducing breakage).", "image": "photos/Mikalla-LeaveIn-.jpg", "available": true, "created": "2025-11-23T13:36:48.453Z", "updated": "2025-11-23T13:36:48.453Z"}}, {"model": "store.product", "pk": 13, "fields": {"category": 11, "brand": 10, "stock": 10, "is_available": true, "name": "Mega Growth Deep Treatment", "slug": "mega-growth-deep-treatment", "description": "This deep conditioner infuses natural oils (olive, shea, avocado, coconut, argan) and conditioning proteins into each strand to defend against breakage, split ends and dryness. Its ultra‑protective blend strengthens hair from within, restores softness and shine, and adds anti‑breakage agents that shield against styling stress. For best results, apply generously to damp, shampoo‑cleaned hair from roots to ends, leave on 10 minutes (or longer with heat for deeper penetration), then rinse.", "image": "photos/megagrowtdeeptreatment.jpg", "available": true, "created": "2025-11-23T13:40:35.107Z", "updated": "2025-11-23T13:40:35.107Z"}}, {"model": "store.product", "pk": 14, "fields": {"category": 11, "brand": 11, "stock": 10, "is_available": true, "name": "Tony Airo Siri Leave In Treatment", "slug": "tony-airo-siri-leave-in-treatment", "description": "Siri Natural Hair Moisturizing Leave‑In Treatment delivers deep, plant‑based hydration with amla, aloe vera, curry leaf, hibiscus and rose oils to lock in moisture, soothe the scalp, fight dandruff and support healthy growth—repairing damage and taming frizz for all hair types, including natural, dreadlocks and mixed‑race hair, with optional henna for extra shine.", "image": "photos/sirileavein.jpg", "available": true, "created": "2025-11-23T13:42:02.621Z", "updated": "2025-11-23T13:42:02.621Z"}}, {"model": "store.product", "pk": 15, "fields": {"category": 11, "brand": 3, "stock": 10, "is_available": true, "name": "Miadi Leave In Treatment", "slug": "miadi-leave-in-treatment", "description": "This lightweight, non‑greasy leave‑in detangles and smooths, making combing easier and reducing breakage while sealing in moisture to prevent frizz and split ends. It fortifies strands against styling and environmental stress, softens hair, and maintains hydration without heavy buildup. Versatile enough for use as a styling primer, alongside other treatments, or on its own, the formula is specifically tailored to meet the needs of textured African hair.", "image": "photos/MIADI-Leave-In-Treatment.png", "available": true, "created": "2025-11-23T13:43:15.958Z", "updated": "2025-11-23T13:43:15.958Z"}}, {"model": "store.product", "pk": 16, "fields": {"category": 11, "brand": 12, "stock": 10, "is_available": true, "name": "Black Essentials Leave In Treatment", "slug": "black-essentials-leave-in-treatment", "description": "A lightweight, nourishing formula designed to hydrate, strengthen, and protect your hair, available with Argan Oil or Olive Oil. It deeply moisturizes and revitalizes dry, damaged, frizzy, and brittle hair while enhancing its natural shine and softness, reducing breakage and split ends.", "image": "photos/BEleavein.webp", "available": true, "created": "2025-11-23T13:44:32.662Z", "updated": "2025-11-23T13:44:32.662Z"}}, {"model": "store.product", "pk": 17, "fields": {"category": 11, "brand": 13, "stock": 10, "is_available": true, "name": "TCB Deep Penetrating Treatment", "slug": "tcb-deep-penetrating-treatment", "description": "TCB Naturals Deep Penetrating Treatment blends shea butter and honey to revitalize dry, damaged, and chemically treated hair, penetrating the shaft to condition and moisturize for stronger, healthier strands. After shampooing and towel‑drying, apply the treatment generously throughout the hair, leave on for 10–15 minutes (or longer with a heat cap for extremely damaged hair), then rinse with warm water and style as desired.", "image": "photos/DeepPenetratingTCB.png", "available": true, "created": "2025-11-23T13:45:44.146Z", "updated": "2025-11-23T13:45:44.146Z"}}, {"model": "store.product", "pk": 18, "fields": {"category": 12, "brand": 8, "stock": 10, "is_available": true, "name": "ORS Olive Oil Hold and Shine Wrap Mousse", "slug": "ors-olive-oil-hold-and-shine-wrap-mousse", "description": "ORS Olive Oil Wrap/Set Hair Mousse is a lightweight, fluffy foam that moisturizes and adds shine to hair while providing hold. With olive oil rich in Vitamin E and panthenol, it smooths wrapping and molding, extends roller sets, and speeds up drying time for a flawless finish. The convenient pump dispenses a airy texture that penetrates quickly, leaving hair supple, manageable, and ready for styling.", "image": "photos/orsmousse.jpg", "available": true, "created": "2025-11-23T13:47:03.594Z", "updated": "2025-11-23T13:47:38.303Z"}}, {"model": "store.product", "pk": 19, "fields": {"category": 12, "brand": 1, "stock": 10, "is_available": true, "name": "Mikalla Styling gel", "slug": "mikalla-styling-gel", "description": "Mikalla Styling Gel is an elegant smooth gel that gives your hair an ultra-strong styling hold. It has a strong resistance to humidity whilst leaving your hair with a non-tacky, flake-free lustrous shine. It is lcohol-free, paraben-free, and hypoallergenic, making it perfect for everyday styling, slick backs, ponytails, and edge control on sensitive scalps.", "image": "photos/mikallagel.png", "available": true, "created": "2025-11-23T13:48:51.992Z", "updated": "2025-11-23T13:48:51.992Z"}}, {"model": "store.product", "pk": 20, "fields": {"category": 12, "brand": 14, "stock": 10, "is_available": true, "name": "Nice & Lovely Firm Hold", "slug": "nice-lovely-firm-hold", "description": "This extra‑firm hold styling gel gives you maximum, long‑lasting control for any look, while an alcohol‑free, non‑sticky, non‑flaking formula keeps hair comfortable and flake‑free. Enriched with vitamins and a blend of olive and amla oils, it conditions and strengthens, delivering a smooth, glossy shine that reduces breakage, tames frizz and prevents fly aways.", "image": "photos/nl_gel.jpg", "available": true, "created": "2025-11-23T13:50:16.455Z", "updated": "2025-11-23T13:50:16.455Z"}}, {"model": "store.product", "pk": 21, "fields": {"category": 12, "brand": 16, "stock": 10, "is_available": true, "name": "Movit Curl Activator Gel", "slug": "movit-curl-activator-gel", "description": "Movit Curl Activator is a hair gel designed to define, enhance, and moisturize natural curls without causing stiffness or flaking. Its formula, enriched with glycerin, provides a soft-to-medium hold that makes hair manageable, shiny, and frizz-free, ideal for styles like wash-and-go and twist-outs.", "image": "photos/movitcurlact.jpg", "available": true, "created": "2025-11-23T13:51:54.894Z", "updated": "2025-11-23T13:51:54.894Z"}}, {"model": "store.product", "pk": 22, "fields": {"category": 13, "brand": 17, "stock": 10, "is_available": true, "name": "Alisons Coconut and Olive Hair Food", "slug": "alisons-coconut-and-olive-hair-food", "description": "Alison’s Coconut & Olive Oil Hair Food with Sunscreen is a lightweight, nutrient‑rich treatment that blends pure coconut oil and extra‑virgin olive oil with UV protection. It delivers deep moisture, seals in shine, fortifies strands against breakage, and guards hair from sun‑induced fading and dryness. Enriched with vitamin E and natural antioxidants, it smooths frizz, reduces fly aways, and leaves hair soft, supple, and resilient—ideal for all hair types as a daily leave‑in or weekly intensive mask.", "image": "photos/greenspoon-alisons-coconut-olive-oil-2-of-1.jpg", "available": true, "created": "2025-11-23T13:53:34.441Z", "updated": "2025-11-23T13:53:34.441Z"}}, {"model": "store.product", "pk": 23, "fields": {"category": 13, "brand": 13, "stock": 10, "is_available": true, "name": "TCB Naturals Nourishing Hair Food", "slug": "tcb-naturals-nourishing-hair-food", "description": "TCB Naturals Nourishing Hair Food is a rich blend of natural ingredients, including olive oil, shea butter, and vitamins, that deeply nourishes and moisturizes hair. It helps repair dryness, reduces breakage, and adds shine, leaving hair soft, manageable, and healthy-looking. Suitable for all hair types, it can be used as a leave-in treatment or styling aid to detangle, smooth, and protect hair from environmental stressors.", "image": "photos/tcbnourishingHairfood.jpg", "available": true, "created": "2025-11-23T13:54:56.392Z", "updated": "2025-11-23T13:54:56.393Z"}}, {"model": "store.product", "pk": 24, "fields": {"category": 13, "brand": 3, "stock": 10, "is_available": true, "name": "Miadi Hair Food", "slug": "miadi-hair-food", "description": "Miadi hair food is a nourishing hair product enriched with Vitamin E and beeswax to moisturize, strengthen, and protect hair, suitable for all hair types. It helps to balance scalp oils, prevent excessive flaking, and reduce breakage, leading to more manageable, soft, and shiny hair. It can also be used by men to keep their hair looking fresh and flake-free.", "image": "photos/MIADI-Hair-Food.png", "available": true, "created": "2025-11-23T13:56:28.721Z", "updated": "2025-11-23T13:56:28.721Z"}}, {"model": "store.product", "pk": 25, "fields": {"category": 13, "brand": 10, "stock": 10, "is_available": true, "name": "Mega Growth Profectiv Anti-Breakage Hair Growth oil", "slug": "mega-growth-profectiv-anti-breakage-hair-growth-oil", "description": "Profectiv Mega Growth Oil is an anti-breakage hair oil designed to strengthen hair and promote healthier growth. It is formulated with natural oils and conditioning proteins to reduce breakage, nourish the scalp, and protect against damage from heat styling and chemical treatments. This oil can be used as a hot oil treatment or a daily moisturizer to help improve hair's softness, manageability, and shine.", "image": "photos/megaoil.jpg", "available": true, "created": "2025-11-23T13:57:55.599Z", "updated": "2025-11-23T13:59:27.763Z"}}, {"model": "store.product", "pk": 26, "fields": {"category": 13, "brand": 18, "stock": 10, "is_available": true, "name": "Dabur Amla Hair Oil", "slug": "dabur-amla-hair-oil", "description": "Dabur Amla Hair Oil is a traditional hair oil infused with the goodness of Indian Gooseberry (Amla), which strengthens hair from root to tip, promotes healthy growth, and adds shine. It is a blend of natural extracts and oils designed to nourish and strengthen hair, reduce hair fall, and improve texture, with the original version also containing other natural ingredients and a secret traditional formula.", "image": "photos/daburoil.png", "available": true, "created": "2025-11-23T14:00:55.388Z", "updated": "2025-11-23T14:00:55.388Z"}}, {"model": "store.product", "pk": 27, "fields": {"category": 12, "brand": 15, "stock": 10, "is_available": true, "name": "Stylin Dredz Mouldin' Gel Wax", "slug": "stylin-dredz-mouldin-gel-wax", "description": "Stylin' Dredz Mouldin' Gel Wax is a maximum hold styling product designed for creating and maintaining dreadlocks. It locks hair into place to create neat, durable locs without flaking. The formula is enriched with tea tree oil and glycerine to moisturize and condition the scalp, helping to eliminate dryness and prevent buildup.", "image": "photos/stylindredzwax.webp", "available": true, "created": "2025-11-23T14:05:40.513Z", "updated": "2025-11-23T14:05:40.514Z"}}, {"model": "store.product", "pk": 28, "fields": {"category": 1, "brand": 19, "stock": 10, "is_available": true, "name": "Simple Kind to Kind Moisturising Cleanser", "slug": "simple-kind-to-kind-moisturising-cleanser", "description": "The Simple Kind to Skin Hydrating Light Moisturiser is a lightweight, fast-absorbing cream that provides up to 12 hours of hydration and is formulated for all skin types, especially sensitive skin. It contains Pro-Vitamin B5 and Vitamin E and is free from artificial colors, perfumes, and harsh chemicals.", "image": "photos/Simple-Kind-to-Skin-Moisturising-Facial-Wash-150ml_1024x1024.webp", "available": true, "created": "2025-11-23T14:06:56.215Z", "updated": "2025-11-23T14:06:56.215Z"}}, {"model": "store.product", "pk": 29, "fields": {"category": 1, "brand": 2, "stock": 10, "is_available": true, "name": "Nivea Perfect and Radiant 3 in 1 cleanser", "slug": "nivea-perfect-and-radiant-3-in-1-cleanser", "description": "The NIVEA Perfect & Radiant 3-in-1 Cleanser 150ml is a multi-purpose product designed to cleanse, exfoliate, and brighten the skin. It is formulated with magnolia extract and natural white clay to gently remove impurities, makeup, and dead skin cells while helping to control shine and mattify the skin", "image": "photos/niveaperfectradiant.webp", "available": true, "created": "2025-11-23T14:07:55.534Z", "updated": "2025-11-23T14:07:55.534Z"}}, {"model": "store.product", "pk": 30, "fields": {"category": 1, "brand": 7, "stock": 10, "is_available": true, "name": "Mizizi Rose Water", "slug": "mizizi-rose-water", "description": "Mizizi Rose Water is a natural, alcohol‑free toner free of artificial fragrances and harsh chemicals. It hydrates and refreshes the skin, helps control oil, and leaves a subtle floral scent. The versatile formula can be used on hair—mixed with aloe vera for frizz or combined with oils like grapeseed and vegetable glycerin for a spritz. Apply after cleansing as a toner, or blend with bentonite clay for a soothing face mask.", "image": "photos/mizizirosewater.webp", "available": true, "created": "2025-11-23T14:08:58.112Z", "updated": "2025-11-23T14:08:58.112Z"}}, {"model": "store.product", "pk": 31, "fields": {"category": 1, "brand": 21, "stock": 10, "is_available": true, "name": "L'Oréal Paris fine flowers toner", "slug": "loreal-paris-fine-flowers-toner", "description": "The L'Oréal Paris Fine Flowers Toner is a gentle, alcohol-free toner for normal to dry sensitive skin that cleanses and refreshes with rose and jasmine flower extracts. It removes the last traces of impurities, soothes the skin, and helps it feel soft and comfortable. This ensures a soft, comfortable and fresh skin, every day", "image": "photos/L_Oreal-Paris-Fine-Flowers-Toner-400ml.webp", "available": true, "created": "2025-11-23T14:10:54.349Z", "updated": "2025-11-23T14:11:51.668Z"}}, {"model": "store.product", "pk": 32, "fields": {"category": 1, "brand": 20, "stock": 10, "is_available": true, "name": "Garnier Micellar Cleansing water", "slug": "garnier-micellar-cleansing-water", "description": "Garnier micellar cleansing water is an all-in-1 cleanser and makeup remover that uses micelle technology to lift dirt and impurities without harsh rubbing or rinsing. Contains micelles that act like magnets, trapping and lifting away dirt, oil, and makeup without the need for harsh rubbing or rinsing.", "image": "photos/GarnierMicellarCleansingWater400Ml.webp", "available": true, "created": "2025-11-23T14:13:26.589Z", "updated": "2025-11-25T09:14:25.317Z"}}, {"model": "store.product", "pk": 33, "fields": {"category": 2, "brand": 22, "stock": 10, "is_available": true, "name": "Uncover Licorice Dark Spot serum", "slug": "uncover-licorice-dark-spot-serum", "description": "The Uncover Licorice Root Dark Spot Serum is a targeted skincare product designed to improve hyperpigmentation and even skin tone by fading dark spots and post-blemish marks. It uses a potent formula with key ingredients like 2% arbutin, 2% tranexamic acid, 1% kojic acid, and 2% niacinamide, which work to inhibit melanin production, brighten the skin, and reduce the appearance of discoloration.", "image": "photos/uncoverdarkspotcorrector.webp", "available": true, "created": "2025-11-23T14:14:58.962Z", "updated": "2025-11-23T14:14:58.962Z"}}, {"model": "store.product", "pk": 34, "fields": {"category": 2, "brand": 2, "stock": 10, "is_available": true, "name": "Nivea Q10 Serum", "slug": "nivea-q10-serum", "description": "Nivea Q10 serum is a concentrated treatment delivers a quick boost of skin‑cell energy and reinforces the skin’s inner structure, visibly smoothing fine lines and wrinkles—sometimes in as little as five minutes. Formulated with pure Coenzyme Q10 and Bioxifill® peptides to stimulate collagen, it works well as a makeup base or a pre‑cream step in any anti‑aging routine.", "image": "photos/nivea-q10serum.jpg", "available": true, "created": "2025-11-23T14:16:15.385Z", "updated": "2025-11-23T14:50:59.477Z"}}, {"model": "store.product", "pk": 36, "fields": {"category": 2, "brand": 20, "stock": 10, "is_available": true, "name": "Garnier Vitamin C Booster Serum", "slug": "garnier-vitamin-c-booster-serum", "description": "Garnier Vitamin C Booster Serum is a concentrated facial serum designed to brighten the skin and reduce dark spots. It features a potent blend of 3.5% Vitamin C, Niacinamide, and Salicylic Acid to create a more even skin tone and enhance the skin's natural glow. This lightweight, fast-absorbing formula is intended to help with hyperpigmentation, provide antioxidant protection, and is suitable for daily use, day and night.", "image": "photos/garnier-bright-complete-overnight-vitamin-cgarnier-booster-face-serum-15-ml.webp", "available": true, "created": "2025-11-23T14:17:20.863Z", "updated": "2025-11-23T14:17:20.863Z"}}, {"model": "store.product", "pk": 37, "fields": {"category": 2, "brand": 21, "stock": 10, "is_available": true, "name": "L'Oreal Paris Revitalift hydrating Serum", "slug": "loreal-paris-revitalift-hydrating-serum", "description": "The Revitalift Filler serum uses a high concentration of Hyaluronic Acid to intensely hydrate, plump, and smooth the skin, with macro and micro molecules working at different levels. It features a firming complex and Adenosine to reduce wrinkles and firm the skin. Both serums are designed to be lightweight, non-greasy, absorb quickly, and can be used morning and night before moisturizer.", "image": "photos/luronrevitaliftwebp.webp", "available": true, "created": "2025-11-23T14:18:22.485Z", "updated": "2025-11-23T14:18:22.485Z"}}, {"model": "store.product", "pk": 38, "fields": {"category": 2, "brand": 23, "stock": 10, "is_available": true, "name": "Luron Acne Control Pimple Cream", "slug": "luron-acne-control-pimple-cream", "description": "This is a lightweight, fast-absorbing spot treatment that uses active ingredients like Salicylic Acid, Vitamin B3, and Neem to fight acne. It is designed to reduce inflammation, soothe irritation, and fade post-acne marks, helping to achieve clearer, more even-toned skin.", "image": "photos/LURON-Acne-Control-Pimple-Cream.jpg", "available": true, "created": "2025-11-23T14:22:03.369Z", "updated": "2025-11-23T14:22:03.369Z"}}, {"model": "store.product", "pk": 39, "fields": {"category": 5, "brand": 2, "stock": 10, "is_available": true, "name": "Nivea Soft Moisturing Cream", "slug": "nivea-soft-moisturing-cream", "description": "Nivea Soft Moisturising Cream is a light, dermatologically approved, pH-neutral cream. It has a fast-absorbing formula enriched with Vitamin E and jojoba oil, making skin feel soft, smooth, and hydrated. It is suitable for all skin types and can be used on the face, body, and hands.", "image": "photos/niveasoft.webp", "available": true, "created": "2025-11-23T14:23:21.185Z", "updated": "2025-11-23T14:23:21.185Z"}}, {"model": "store.product", "pk": 40, "fields": {"category": 5, "brand": 19, "stock": 10, "is_available": true, "name": "Simple Hydrating moisturizer", "slug": "simple-hydrating-moisturizer", "description": "The Simple Hydrating Light Moisturizer is a lightweight, fast-absorbing moisturizer designed for sensitive skin that provides up to 12 hours of hydration and leaves skin feeling soft and smooth. It is formulated with skin-loving ingredients like pro-vitamin B5 and vitamin E, and contains no artificial colors, perfumes, or harsh chemicals.", "image": "photos/SimpleHydratingLightMoisturizer.webp", "available": true, "created": "2025-11-23T14:24:46.422Z", "updated": "2025-11-23T14:24:46.422Z"}}, {"model": "store.product", "pk": 41, "fields": {"category": 5, "brand": 22, "stock": 10, "is_available": true, "name": "Uncover Argan Hydrating Moisturiser", "slug": "uncover-argan-hydrating-moisturiser", "description": "Contains a lightweight, hydrating formula with active ingredients like 3% Squalane, 2% Niacinamide, 1% African Argan Oil, Hyaluronic Acid, and Moringa Extract. It is designed to deeply moisturize, nourish, and protect the skin barrier while brightening dullness, minimizing breakouts, and improving skin texture without clogging pores. The moisturizer is suitable for all skin types and should be applied generously twice daily after cleansing.", "image": "photos/uncovermoist.webp", "available": true, "created": "2025-11-23T14:26:10.921Z", "updated": "2025-11-23T14:26:10.921Z"}}, {"model": "store.product", "pk": 42, "fields": {"category": 5, "brand": 2, "stock": 10, "is_available": true, "name": "Nivea Perfect and Radiant Night Cream", "slug": "nivea-perfect-and-radiant-night-cream", "description": "NIVEA Perfect & Radiant Night Cream is designed to restore skin's natural tone and radiance overnight by increasing cell renewal and regenerating the skin. Key benefits include a softer, smoother feel, enhanced radiance, and visibly reduced dark marks. Its formula, which includes Eventone Pure Active and Pro Vitamin B5, works to restore a more even tone and provides lasting moisture.", "image": "photos/niveaperfectradiant.png", "available": true, "created": "2025-11-23T14:27:12.056Z", "updated": "2025-11-23T14:27:12.056Z"}}, {"model": "store.product", "pk": 43, "fields": {"category": 5, "brand": 23, "stock": 10, "is_available": true, "name": "Luron Replenishing Night Cream", "slug": "luron-replenishing-night-cream", "description": "Luron replenishing night cream is a rich, restorative night cream designed to deeply hydrate, nourish, and revitalize the skin while you sleep. It works to combat signs of aging by reducing fine lines and wrinkles, improving firmness, and evening out skin tone. Key ingredients often include vitamins A, E, and B3, as well as lemon and botanical extracts, and it's formulated to be non-greasy and absorb quickly.", "image": "photos/luronnight.jpg", "available": true, "created": "2025-11-23T14:28:03.119Z", "updated": "2025-11-23T14:28:03.119Z"}}, {"model": "store.product", "pk": 44, "fields": {"category": 6, "brand": 20, "stock": 10, "is_available": true, "name": "Garnier Skin Active Green Tea Facing Sheet Mask", "slug": "garnier-skin-active-green-tea-facing-sheet-mask", "description": "Garnier Skin Active Green Tea Hydrating face sheet mask this mask hydrates, soothes, and rebalances combination skin by providing intense moisture with hyaluronic acid and green tea extract. Its key benefits include reducing shine, purifying the skin, and leaving it feeling refreshed and looking more radiant. The mask helps to diminish the appearance of fine lines and pores, while also maintaining a healthy moisture balance for a clear and luminous complexion.", "image": "photos/garniergreenteamask.jpg", "available": true, "created": "2025-11-23T14:29:06.420Z", "updated": "2025-11-23T14:29:06.420Z"}}, {"model": "store.product", "pk": 45, "fields": {"category": 6, "brand": 24, "stock": 10, "is_available": true, "name": "Face Facts Smoothing Honey Peel Off mask", "slug": "face-facts-smoothing-honey-peel-off-mask", "description": "The Face Facts Smoothing Honey Peel Off Mask is a vegan-friendly, 60ml mask that uses honey extract and glycerin to cleanse, moisturize, and brighten the skin. It is designed to soften the skin, lock in moisture, and leave it feeling hydrated and revitalized. To use, apply a thin, even layer to clean skin, avoid the eye and lip areas, leave it on for about 20 minutes until dry, and then carefully peel it off.", "image": "photos/face-facts-peel-off-mask-honey-60ml.jpg", "available": true, "created": "2025-11-23T14:29:53.255Z", "updated": "2025-11-23T14:29:53.255Z"}}, {"model": "store.product", "pk": 46, "fields": {"category": 6, "brand": 25, "stock": 10, "is_available": true, "name": "Beauty Clinic Aloevera Mud Mask", "slug": "beauty-clinic-aloevera-mud-mask", "description": "This is a deep-cleansing, detoxifying treatment enriched with clay, gold mica, and aloe vera. It is designed to exfoliate the skin, remove blackheads and impurities, and tighten the skin to reveal a clearer, more radiant complexion. The mask also provides a soothing effect, a detoxifying action from its mineral- and vitamin-rich ingredients, and helps tackle the signs of skin aging.", "image": "photos/beautyclinicaloe.jpg", "available": true, "created": "2025-11-23T14:30:49.458Z", "updated": "2025-11-23T14:30:49.458Z"}}, {"model": "store.product", "pk": 47, "fields": {"category": 6, "brand": 22, "stock": 10, "is_available": true, "name": "Uncover I am Beau-Tea-Ful Green Tea Detoxifying sheet mask", "slug": "uncover-i-am-beau-tea-ful-green-tea-detoxifying-sheet-mask", "description": "A 20-minute treatment designed to detoxify and clarify skin using the antioxidant properties of green tea. It helps minimize the appearance of pores, combat the effects of pollution, and provides an instant glow and hydration. The mask is suitable for all skin types and is used after cleansing and toning, with results including refreshed and radiant skin.", "image": "photos/UncoverIamBeautifulGreenTeaDetoxifyingSheetMask.webp", "available": true, "created": "2025-11-23T14:31:46.181Z", "updated": "2025-11-23T14:31:46.181Z"}}, {"model": "store.product", "pk": 48, "fields": {"category": 6, "brand": 26, "stock": 10, "is_available": true, "name": "Himalayan Detox Charcoal Mask", "slug": "himalayan-detox-charcoal-mask", "description": "A skincare product designed to deep cleanse, purify, and detoxify the skin. It typically features activated charcoal to draw out impurities, dirt, and excess oil from pores, with common additions like green tea or natural clays to further refine the skin and prevent clogging. These masks are ideal for oily or combination skin types, helping to reduce blackheads, blemishes, and shine, and are often used once or twice a week for a refreshed, smoother, and clearer complexion.", "image": "photos/himalayan.jpg", "available": true, "created": "2025-11-23T14:34:00.569Z", "updated": "2025-11-23T14:34:00.569Z"}}, {"model": "store.product", "pk": 49, "fields": {"category": 7, "brand": 2, "stock": 10, "is_available": true, "name": "Nivea Sunshine Control spf 50", "slug": "nivea-sunshine-control-spf-50", "description": "A lightweight, non-greasy facial sunscreen that provides high UV protection while mattifying oily skin. It is designed for daily use on normal/combination skin, offering broad-spectrum UVA/UVB protection against sunburn and premature aging, along with an 8-hour shine-free finish. The formula is ophthalmologically approved, dermatologically approved, and contains a natural antioxidant to protect skin from within.", "image": "photos/niveasunscreen.jpg", "available": true, "created": "2025-11-23T14:35:27.973Z", "updated": "2025-11-23T14:35:27.974Z"}}, {"model": "store.product", "pk": 50, "fields": {"category": 7, "brand": 27, "stock": 10, "is_available": true, "name": "La Roche Posay Anthelios UV Immune Tinted", "slug": "la-roche-posay-anthelios-uv-immune-tinted", "description": "A tinted, ultra-light fluid sunscreen that offers broad-spectrum SPF 50+ protection against UVB, UVA, and ultra-long UVA rays. It is designed for sensitive skin, features an anti-eye-stinging formula, and provides a natural, even finish with a tint that blends into all skin tones without a white cast. The water, sweat, and sand-resistant formula is non-greasy, non-comedogenic, and can be used alone or as a makeup base.", "image": "photos/laroche.jpg", "available": true, "created": "2025-11-23T14:36:22.273Z", "updated": "2025-11-23T14:36:22.273Z"}}, {"model": "store.product", "pk": 51, "fields": {"category": 7, "brand": 28, "stock": 10, "is_available": true, "name": "Cerave Facial Moisturising lotion (SPF 50)", "slug": "cerave-facial-moisturising-lotion-spf-50", "description": "A lightweight, daily moisturizer that provides broad-spectrum UVA/UVB protection, up to 24 hours of hydration, and helps restore the skin's natural barrier. It is formulated with three essential ceramides, hyaluronic acid, and niacinamide, and features CeraVe's MVE technology for a continuous release of moisture. The formula is fragrance-free, paraben-free, non-comedogenic, and suitable for normal to dry or acne-prone skin.", "image": "photos/ceravedaycream.webp", "available": true, "created": "2025-11-23T14:37:52.069Z", "updated": "2025-11-23T14:37:52.069Z"}}, {"model": "store.product", "pk": 52, "fields": {"category": 7, "brand": 22, "stock": 10, "is_available": true, "name": "Uncover Aloe Invisible Sunscren (SPF 50)", "slug": "uncover-aloe-invisible-sunscren-spf-50", "description": "A lightweight, broad-spectrum sunscreen that provides high protection against UVA and UVB rays. It is designed for daily use, leaves no white cast, and is formulated with African Aloe Vera and Hyaluronic Acid to hydrate, moisturize, and cool the skin. It helps prevent sun damage, premature aging, and dark spots.", "image": "photos/uncover-invinsible-sunscreen.jpg", "available": true, "created": "2025-11-23T14:38:48.796Z", "updated": "2025-11-23T14:38:48.796Z"}}, {"model": "store.product", "pk": 53, "fields": {"category": 7, "brand": 20, "stock": 10, "is_available": true, "name": "Garnier Skin Active Green Tea", "slug": "garnier-skin-active-green-tea", "description": "The Garnier Skin Active SPF 50+ Invisible Serum Sunscreen is designed for daily facial sun protection, offering very high SPF 50+ protection against UVB, UVA, and long UVA rays. Its formulation aims to provide an invisible, lightweight texture that absorbs quickly into the skin, leaving no white cast or greasy residue.", "image": "photos/garnierspfv.webp", "available": true, "created": "2025-11-23T14:39:39.588Z", "updated": "2025-11-23T14:39:39.588Z"}}, {"model": "store.product", "pk": 54, "fields": {"category": 8, "brand": 2, "stock": 10, "is_available": true, "name": "Nivea Blueberry Lip Balm", "slug": "nivea-blueberry-lip-balm", "description": "A tinted lip balm that provides long-lasting moisture, a subtle shine, and a fruity blackberry flavor. It contains natural oils, like shea butter, and vitamins to keep lips smooth and hydrated for up to 24 hours. The balm is designed to moisturize, repair, and provide a hint of color to enhance the lips' natural beauty.", "image": "photos/niveaberry.webp", "available": true, "created": "2025-11-23T14:40:45.177Z", "updated": "2025-11-23T14:40:45.177Z"}}, {"model": "store.product", "pk": 56, "fields": {"category": 8, "brand": 2, "stock": 10, "is_available": true, "name": "Nivea Classic Lip Balm", "slug": "nivea-classic-lip-balm", "description": "A caring lip product that provides long-lasting moisture, softness, and protection against dryness. Its formula, enriched with ingredients like shea butter and natural oils, melts into the lips to provide instant hydration and a smooth, supple feel. The balm is designed to be applied throughout the day to maintain moisturization and prevent dryness from environmental factors like cold or wind.", "image": "photos/Nivea-Lipbalm-ClassicE.jpg", "available": true, "created": "2025-11-23T14:41:53.959Z", "updated": "2025-11-23T14:41:53.959Z"}}, {"model": "store.product", "pk": 57, "fields": {"category": 8, "brand": 2, "stock": 10, "is_available": true, "name": "Nivea Strawberry  Lip Balm", "slug": "nivea-strawberry-lip-balm", "description": "A tinted lip care product that moisturizes lips for up to 24 hours while providing a strawberry aroma, a reddish shine, and a hint of color. Its formula is enriched with natural oils and ingredients like shea butter, which glides on smoothly to leave lips feeling soft, smooth, and kissably soft. It is also available in other formulations that include vitamins C and E for added protection.", "image": "photos/nivea-strawberrywebp.webp", "available": true, "created": "2025-11-23T14:42:46.124Z", "updated": "2025-11-23T14:42:46.124Z"}}, {"model": "store.product", "pk": 58, "fields": {"category": 8, "brand": 29, "stock": 10, "is_available": true, "name": "Anashe LipGloss 601", "slug": "anashe-lipgloss-601", "description": "An ultra-shiny, transparent color gloss that gives lips a radiant and sparkling fresh look with just one coat. It is described as ultra-portable and easy to use, designed to provide a high-shine, luxurious finish. It can be worn alone for a fresh sparkle or layered over lipstick.", "image": "photos/Anashe601.png", "available": true, "created": "2025-11-23T14:43:39.012Z", "updated": "2025-11-23T14:43:39.012Z"}}, {"model": "store.product", "pk": 59, "fields": {"category": 8, "brand": 30, "stock": 10, "is_available": true, "name": "Zaron New Luxurious Lip gloss Sugarplum", "slug": "zaron-new-luxurious-lip-gloss-sugarplum", "description": "A high-performance, long-lasting lip gloss that delivers rich color and a healthy, glossy shine. It is described as a sheer, nude-colored gloss with a buildable, pigment-rich formula. It is designed to give the lips a “crystal pout” and an extra “juicy, luminous” look. The product comes with a doe-foot applicator for comfortable and easy wear.", "image": "photos/zaron-lip-gloss-wia-beauty.jpg", "available": true, "created": "2025-11-23T14:44:41.855Z", "updated": "2025-11-23T14:44:41.855Z"}}, {"model": "store.productvariant", "pk": 1, "fields": {"product": 1, "size_ml_g": "450ml", "price": "350.00", "stock": 12, "is_active": true}}, {"model": "store.productvariant", "pk": 2, "fields": {"product": 1, "size_ml_g": "1000ml", "price": "550.00", "stock": 6, "is_active": true}}, {"model": "store.productvariant", "pk": 3, "fields": {"product": 2, "size_ml_g": "237ml", "price": "110.00", "stock": 16, "is_active": true}}, {"model": "store.productvariant", "pk": 4, "fields": {"product": 2, "size_ml_g": "475ml", "price": "161.00", "stock": 7, "is_active": true}}, {"model": "store.productvariant", "pk": 5, "fields": {"product": 2, "size_ml_g": "1000 ml", "price": "366.00", "stock": 5, "is_active": true}}, {"model": "store.productvariant", "pk": 6, "fields": {"product": 3, "size_ml_g": "500ml", "price": "124.00", "stock": 23, "is_active": true}}, {"model": "store.productvariant", "pk": 7, "fields": {"product": 3, "size_ml_g": "1000ml", "price": "209.00", "stock": 14, "is_active": true}}, {"model": "store.productvariant", "pk": 8, "fields": {"product": 4, "size_ml_g": "828ml", "price": "798.00", "stock": 7, "is_active": true}}, {"model": "store.productvariant", "pk": 9, "fields": {"product": 5, "size_ml_g": "480ml", "price": "625.00", "stock": 8, "is_active": true}}, {"model": "store.productvariant", "pk": 10, "fields": {"product": 5, "size_ml_g": "1000ml", "price": "1375.00", "stock": 10, "is_active": true}}, {"model": "store.productvariant", "pk": 11, "fields": {"product": 6, "size_ml_g": "450ml", "price": "335.00", "stock": 17, "is_active": true}}, {"model": "store.productvariant", "pk": 12, "fields": {"product": 6, "size_ml_g": "1000ml", "price": "680.00", "stock": 5, "is_active": true}}, {"model": "store.productvariant", "pk": 13, "fields": {"product": 7, "size_ml_g": "250 ml", "price": "630.00", "stock": 11, "is_active": true}}, {"model": "store.productvariant", "pk": 14, "fields": {"product": 7, "size_ml_g": "500ml", "price": "1200.00", "stock": 5, "is_active": true}}, {"model": "store.productvariant", "pk": 15, "fields": {"product": 8, "size_ml_g": "500ml", "price": "630.00", "stock": 12, "is_active": true}}, {"model": "store.productvariant", "pk": 16, "fields": {"product": 8, "size_ml_g": "1000ml", "price": "1150.00", "stock": 6, "is_active": true}}, {"model": "store.productvariant", "pk": 17, "fields": {"product": 9, "size_ml_g": "828ml", "price": "795.00", "stock": 10, "is_active": true}}, {"model": "store.productvariant", "pk": 18, "fields": {"product": 10, "size_ml_g": "354ml", "price": "1100.00", "stock": 8, "is_active": true}}, {"model": "store.productvariant", "pk": 19, "fields": {"product": 11, "size_ml_g": "261g", "price": "364.00", "stock": 16, "is_active": true}}, {"model": "store.productvariant", "pk": 20, "fields": {"product": 11, "size_ml_g": "407g", "price": "505.00", "stock": 8, "is_active": true}}, {"model": "store.productvariant", "pk": 21, "fields": {"product": 11, "size_ml_g": "700g", "price": "894.00", "stock": 6, "is_active": true}}, {"model": "store.productvariant", "pk": 22, "fields": {"product": 12, "size_ml_g": "250 ml", "price": "349.00", "stock": 25, "is_active": true}}, {"model": "store.productvariant", "pk": 23, "fields": {"product": 12, "size_ml_g": "500ml", "price": "576.00", "stock": 15, "is_active": true}}, {"model": "store.productvariant", "pk": 24, "fields": {"product": 12, "size_ml_g": "1000 ml", "price": "1125.00", "stock": 7, "is_active": true}}, {"model": "store.productvariant", "pk": 25, "fields": {"product": 13, "size_ml_g": "250 g", "price": "425.00", "stock": 14, "is_active": true}}, {"model": "store.productvariant", "pk": 26, "fields": {"product": 13, "size_ml_g": "460g", "price": "725.00", "stock": 9, "is_active": true}}, {"model": "store.productvariant", "pk": 27, "fields": {"product": 14, "size_ml_g": "120 ml", "price": "250.00", "stock": 15, "is_active": true}}, {"model": "store.productvariant", "pk": 28, "fields": {"product": 14, "size_ml_g": "250 ml", "price": "380.00", "stock": 10, "is_active": true}}, {"model": "store.productvariant", "pk": 29, "fields": {"product": 14, "size_ml_g": "500ml", "price": "780.00", "stock": 5, "is_active": true}}, {"model": "store.productvariant", "pk": 30, "fields": {"product": 15, "size_ml_g": "237ml", "price": "200.00", "stock": 16, "is_active": true}}, {"model": "store.productvariant", "pk": 31, "fields": {"product": 15, "size_ml_g": "475ml", "price": "336.00", "stock": 9, "is_active": true}}, {"model": "store.productvariant", "pk": 32, "fields": {"product": 16, "size_ml_g": "125ml", "price": "140.00", "stock": 18, "is_active": true}}, {"model": "store.productvariant", "pk": 33, "fields": {"product": 16, "size_ml_g": "250 ml", "price": "260.00", "stock": 9, "is_active": true}}, {"model": "store.productvariant", "pk": 34, "fields": {"product": 16, "size_ml_g": "500ml", "price": "475.00", "stock": 6, "is_active": true}}, {"model": "store.productvariant", "pk": 35, "fields": {"product": 17, "size_ml_g": "250 g", "price": "350.00", "stock": 11, "is_active": true}}, {"model": "store.productvariant", "pk": 36, "fields": {"product": 17, "size_ml_g": "500 g", "price": "550.00", "stock": 8, "is_active": true}}, {"model": "store.productvariant", "pk": 37, "fields": {"product": 18, "size_ml_g": "207ml", "price": "549.00", "stock": 13, "is_active": true}}, {"model": "store.productvariant", "pk": 38, "fields": {"product": 19, "size_ml_g": "150 g", "price": "187.00", "stock": 22, "is_active": true}}, {"model": "store.productvariant", "pk": 39, "fields": {"product": 19, "size_ml_g": "250 g", "price": "296.00", "stock": 11, "is_active": true}}, {"model": "store.productvariant", "pk": 40, "fields": {"product": 19, "size_ml_g": "450g", "price": "455.00", "stock": 8, "is_active": true}}, {"model": "store.productvariant", "pk": 41, "fields": {"product": 20, "size_ml_g": "60g", "price": "96.00", "stock": 8, "is_active": true}}, {"model": "store.productvariant", "pk": 42, "fields": {"product": 20, "size_ml_g": "135g", "price": "215.00", "stock": 17, "is_active": true}}, {"model": "store.productvariant", "pk": 43, "fields": {"product": 20, "size_ml_g": "270g", "price": "365.00", "stock": 13, "is_active": true}}, {"model": "store.productvariant", "pk": 44, "fields": {"product": 21, "size_ml_g": "80g", "price": "65.00", "stock": 10, "is_active": true}}, {"model": "store.productvariant", "pk": 45, "fields": {"product": 21, "size_ml_g": "140g", "price": "130.00", "stock": 19, "is_active": true}}, {"model": "store.productvariant", "pk": 46, "fields": {"product": 21, "size_ml_g": "360g", "price": "320.00", "stock": 19, "is_active": true}}, {"model": "store.productvariant", "pk": 47, "fields": {"product": 21, "size_ml_g": "700g", "price": "650.00", "stock": 9, "is_active": true}}, {"model": "store.productvariant", "pk": 48, "fields": {"product": 22, "size_ml_g": "50g", "price": "108.00", "stock": 12, "is_active": true}}, {"model": "store.productvariant", "pk": 49, "fields": {"product": 22, "size_ml_g": "100 g", "price": "224.00", "stock": 9, "is_active": true}}, {"model": "store.productvariant", "pk": 50, "fields": {"product": 22, "size_ml_g": "200g", "price": "391.00", "stock": 15, "is_active": true}}, {"model": "store.productvariant", "pk": 51, "fields": {"product": 23, "size_ml_g": "100 ml", "price": "125.00", "stock": 15, "is_active": true}}, {"model": "store.productvariant", "pk": 52, "fields": {"product": 23, "size_ml_g": "250 ml", "price": "355.00", "stock": 13, "is_active": true}}, {"model": "store.productvariant", "pk": 53, "fields": {"product": 24, "size_ml_g": "85g", "price": "115.00", "stock": 16, "is_active": true}}, {"model": "store.productvariant", "pk": 54, "fields": {"product": 24, "size_ml_g": "200g", "price": "235.00", "stock": 7, "is_active": true}}, {"model": "store.productvariant", "pk": 55, "fields": {"product": 24, "size_ml_g": "400g", "price": "335.00", "stock": 8, "is_active": true}}, {"model": "store.productvariant", "pk": 56, "fields": {"product": 25, "size_ml_g": "236ML", "price": "700.00", "stock": 14, "is_active": true}}, {"model": "store.productvariant", "pk": 59, "fields": {"product": 26, "size_ml_g": "100 ml", "price": "240.00", "stock": 25, "is_active": true}}, {"model": "store.productvariant", "pk": 60, "fields": {"product": 26, "size_ml_g": "180ml", "price": "400.00", "stock": 12, "is_active": true}}, {"model": "store.productvariant", "pk": 61, "fields": {"product": 26, "size_ml_g": "270ml", "price": "600.00", "stock": 9, "is_active": true}}, {"model": "store.productvariant", "pk": 62, "fields": {"product": 27, "size_ml_g": "125ml", "price": "400.00", "stock": 17, "is_active": true}}, {"model": "store.productvariant", "pk": 63, "fields": {"product": 27, "size_ml_g": "250 ml", "price": "835.00", "stock": 14, "is_active": true}}, {"model": "store.productvariant", "pk": 64, "fields": {"product": 27, "size_ml_g": "500ml", "price": "1562.00", "stock": 11, "is_active": true}}, {"model": "store.productvariant", "pk": 65, "fields": {"product": 28, "size_ml_g": "150ml", "price": "1100.00", "stock": 7, "is_active": true}}, {"model": "store.productvariant", "pk": 66, "fields": {"product": 29, "size_ml_g": "150ml", "price": "1060.00", "stock": 17, "is_active": true}}, {"model": "store.productvariant", "pk": 67, "fields": {"product": 30, "size_ml_g": "250 ml", "price": "440.00", "stock": 6, "is_active": true}}, {"model": "store.productvariant", "pk": 68, "fields": {"product": 31, "size_ml_g": "400ml", "price": "1850.00", "stock": 3, "is_active": true}}, {"model": "store.productvariant", "pk": 69, "fields": {"product": 31, "size_ml_g": "400 ml", "price": "745.00", "stock": 8, "is_active": true}}, {"model": "store.productvariant", "pk": 71, "fields": {"product": 32, "size_ml_g": "100 ml", "price": "295.00", "stock": 14, "is_active": true}}, {"model": "store.productvariant", "pk": 72, "fields": {"product": 32, "size_ml_g": "400 ml", "price": "400.00", "stock": 8, "is_active": true}}, {"model": "store.productvariant", "pk": 73, "fields": {"product": 32, "size_ml_g": "700 ml", "price": "745.00", "stock": 1025, "is_active": true}}, {"model": "store.productvariant", "pk": 74, "fields": {"product": 33, "size_ml_g": "30ml", "price": "3468.00", "stock": 5, "is_active": true}}, {"model": "store.productvariant", "pk": 75, "fields": {"product": 34, "size_ml_g": "50 ml", "price": "2550.00", "stock": 6, "is_active": true}}, {"model": "store.productvariant", "pk": 77, "fields": {"product": 36, "size_ml_g": "30ml", "price": "2150.00", "stock": 4, "is_active": true}}, {"model": "store.productvariant", "pk": 78, "fields": {"product": 37, "size_ml_g": "30ml", "price": "2150.00", "stock": 8, "is_active": true}}, {"model": "store.productvariant", "pk": 79, "fields": {"product": 38, "size_ml_g": "15ml", "price": "152.00", "stock": 11, "is_active": true}}, {"model": "store.productvariant", "pk": 80, "fields": {"product": 39, "size_ml_g": "75ml", "price": "375.00", "stock": 15, "is_active": true}}, {"model": "store.productvariant", "pk": 81, "fields": {"product": 39, "size_ml_g": "200ml", "price": "615.00", "stock": 10, "is_active": true}}, {"model": "store.productvariant", "pk": 82, "fields": {"product": 40, "size_ml_g": "125ml", "price": "1095.00", "stock": 4, "is_active": true}}, {"model": "store.productvariant", "pk": 83, "fields": {"product": 41, "size_ml_g": "30ml", "price": "1200.00", "stock": 10, "is_active": true}}, {"model": "store.productvariant", "pk": 84, "fields": {"product": 41, "size_ml_g": "100 ml", "price": "2200.00", "stock": 7, "is_active": true}}, {"model": "store.productvariant", "pk": 85, "fields": {"product": 42, "size_ml_g": "50 ml", "price": "840.00", "stock": 6, "is_active": true}}, {"model": "store.productvariant", "pk": 86, "fields": {"product": 43, "size_ml_g": "50ml", "price": "178.00", "stock": 16, "is_active": true}}, {"model": "store.productvariant", "pk": 87, "fields": {"product": 44, "size_ml_g": "28g", "price": "290.00", "stock": 12, "is_active": true}}, {"model": "store.productvariant", "pk": 88, "fields": {"product": 45, "size_ml_g": "60ml", "price": "499.00", "stock": 4, "is_active": true}}, {"model": "store.productvariant", "pk": 89, "fields": {"product": 46, "size_ml_g": "500ml", "price": "655.00", "stock": 17, "is_active": true}}, {"model": "store.productvariant", "pk": 90, "fields": {"product": 47, "size_ml_g": "50g", "price": "350.00", "stock": 14, "is_active": true}}, {"model": "store.productvariant", "pk": 91, "fields": {"product": 48, "size_ml_g": "75ml", "price": "700.00", "stock": 9, "is_active": true}}, {"model": "store.productvariant", "pk": 92, "fields": {"product": 49, "size_ml_g": "50 ml", "price": "1040.00", "stock": 10, "is_active": true}}, {"model": "store.productvariant", "pk": 93, "fields": {"product": 50, "size_ml_g": "50 ml", "price": "3500.00", "stock": 5, "is_active": true}}, {"model": "store.productvariant", "pk": 94, "fields": {"product": 51, "size_ml_g": "52ml", "price": "2900.00", "stock": 9, "is_active": true}}, {"model": "store.productvariant", "pk": 95, "fields": {"product": 51, "size_ml_g": "89ml", "price": "3990.00", "stock": 11, "is_active": true}}, {"model": "store.productvariant", "pk": 96, "fields": {"product": 52, "size_ml_g": "80ml", "price": "2850.00", "stock": 6, "is_active": true}}, {"model": "store.productvariant", "pk": 97, "fields": {"product": 53, "size_ml_g": "30ml", "price": "1378.00", "stock": 7, "is_active": true}}, {"model": "store.productvariant", "pk": 98, "fields": {"product": 54, "size_ml_g": "4.8g", "price": "395.00", "stock": 10, "is_active": true}}, {"model": "store.productvariant", "pk": 100, "fields": {"product": 56, "size_ml_g": "4.8g", "price": "395.00", "stock": 6, "is_active": true}}, {"model": "store.productvariant", "pk": 101, "fields": {"product": 57, "size_ml_g": "4.8g", "price": "395.00", "stock": 12, "is_active": true}}, {"model": "store.productvariant", "pk": 102, "fields": {"product": 58, "size_ml_g": "10ml", "price": "1195.00", "stock": 9, "is_active": true}}, {"model": "store.productvariant", "pk": 103, "fields": {"product": 59, "size_ml_g": "6.5ml", "price": "1450.00", "stock": 4, "is_active": true}}, {"model": "accounts.account", "pk": 1, "fields": {"password": "pbkdf2_sha256$600000$GoEX9BU1kqzrxGRt7HppW0$5DdQzQ5s5qa2d7pKhQRobeGBfFwKAAAZ8uaUVBWYRjw=", "first_name": "Kelly", "last_name": "Grace", "username": "wachu", "email": "kelwgra17@gmail.com", "phone_number": "", "date_joined": "2025-11-22T20:43:34.058Z", "last_login": "2025-11-29T22:34:20.326Z", "is_admin": true, "is_staff": true, "is_active": true, "is_superadmin": true}}, {"model": "accounts.account", "pk": 2, "fields": {"password": "pbkdf2_sha256$600000$du0p83WS1rjNqx00DyuYe3$zClC5TnCU2WSoFRoLd5+1VcaOqNfFwTjSV7UIvET9dg=", "first_name": "James", "last_name": "Njihia", "username": "Njihizz", "email": "jnjihia@gmail.com", "phone_number": "0714679251", "date_joined": "2025-11-22T21:11:29.490Z", "last_login": "2025-11-22T21:11:29.490Z", "is_admin": false, "is_staff": false, "is_active": true, "is_superadmin": false}}, {"model": "accounts.account", "pk": 3, "fields": {"password": "pbkdf2_sha256$600000$IRKhalqe0mj7mbs5wlJTV1$mlt6mglCIUtAcouaNJkTj0NE3bCNx0v8JrwEtK5XALY=", "first_name": "Mary", "last_name": "Nzisa", "username": "NzisaM", "email": "nzisamary@gmail.com", "phone_number": "0765419032", "date_joined": "2025-11-23T12:08:58.908Z", "last_login": "2025-11-29T22:09:43.485Z", "is_admin": false, "is_staff": false, "is_active": true, "is_superadmin": false}}, {"model": "accounts.account", "pk": 4, "fields": {"password": "pbkdf2_sha256$600000$1IxYcH8DRur5MTp2NphqQe$w2iK2Z9ECHbIS8qQFCM2Cw5QOwBIneVJNNEEIYbjpBo=", "first_name": "James", "last_name": "Kinyua", "username": "Jkinyua17", "email": "jkinyua@gmail.com", "phone_number": "+254743210987", "date_joined": "2025-11-24T18:04:19.711Z", "last_login": "2025-11-24T18:04:26.522Z", "is_admin": false, "is_staff": false, "is_active": true, "is_superadmin": false}}, {"model": "accounts.account", "pk": 5, "fields": {"password": "pbkdf2_sha256$600000$xsTFdJauNPjzAqTg4HuD4v$4dwW74pjA9o+bKsqX53ya5qvDNnhEyHB2zXHcDkXYm0=", "first_name": "Joyce", "last_name": "Muli", "username": "JoyceM", "email": "mulijoyce@gmail.com", "phone_number": "+254762908654", "date_joined": "2025-11-25T09:02:24.619Z", "last_login": "2025-11-25T16:25:45.620Z", "is_admin": false, "is_staff": false, "is_active": true, "is_superadmin": false}}, {"model": "carts.cart", "pk": 1, "fields": {"cart_id": "wq4rjgauip7uld6eyim6urtsq2qetekr", "date_added": "2025-11-29"}}, {"model": "carts.cart", "pk": 2, "fields": {"cart_id": "8a2snzp8c7hj737eg6ci27cmkdnjny5r", "date_added": "2025-11-30"}}, {"model": "carts.cart", "pk": 3, "fields": {"cart_id": "y2bpuevcb44dmocrz6go90edw27h46eq", "date_added": "2025-11-30"}}, {"model": "carts.cartitem", "pk": 4, "fields": {"user": 4, "product": 59, "cart": null, "quantity": 1, "is_active": true, "variations": [103]}}, {"model": "carts.cartitem", "pk": 12, "fields": {"user": 5, "product": 59, "cart": null, "quantity": 1, "is_active": true, "variations": [103]}}, {"model": "carts.cartitem", "pk": 18, "fields": {"user": null, "product": 56, "cart": 1, "quantity": 1, "is_active": true, "variations": []}}, {"model": "carts.cartitem", "pk": 19, "fields": {"user": null, "product": 56, "cart": 1, "quantity": 4, "is_active": true, "variations": [100]}}, {"model": "carts.cartitem", "pk": 20, "fields": {"user": null, "product": 54, "cart": 1, "quantity": 2, "is_active": true, "variations": [98]}}, {"model": "carts.cartitem", "pk": 47, "fields": {"user": null, "product": 43, "cart": 2, "quantity": 2, "is_active": true, "variations": [86]}}, {"model": "carts.cartitem", "pk": 48, "fields": {"user": 3, "product": 26, "cart": null, "quantity": 1, "is_active": true, "variations": [60]}}, {"model": "orders.payment", "pk": 1, "fields": {"user": 3, "payment_id": "MPESA-202511253014433", "payment_method": "M-Pesa", "amount_paid": "2790.00", "status": "Pending", "created_at": "2025-11-24T22:44:33.398Z"}}, {"model": "orders.payment", "pk": 2, "fields": {"user": 3, "payment_id": "MPESA-202511253015232", "payment_method": "M-Pesa", "amount_paid": "350.00", "status": "Pending", "created_at": "2025-11-24T22:52:32.112Z"}}, {"model": "orders.payment", "pk": 3, "fields": {"user": 3, "payment_id": "MPESA-202511253015724", "payment_method": "M-Pesa", "amount_paid": "1450.00", "status": "Pending", "created_at": "2025-11-24T22:57:24.206Z"}}, {"model": "orders.payment", "pk": 4, "fields": {"user": 3, "payment_id": "MPESA-202511253021654", "payment_method": "M-Pesa", "amount_paid": "635.00", "status": "Pending", "created_at": "2025-11-24T23:16:54.438Z"}}, {"model": "orders.payment", "pk": 5, "fields": {"user": 5, "payment_id": "MPESA-202511255125707", "payment_method": "M-Pesa", "amount_paid": "288.00", "status": "Pending", "created_at": "2025-11-25T09:57:07.486Z"}}, {"model": "orders.payment", "pk": 6, "fields": {"user": 5, "payment_id": "MPESA-202511255193937", "payment_method": "M-Pesa", "amount_paid": "1450.00", "status": "Pending", "created_at": "2025-11-25T16:39:37.929Z"}}, {"model": "orders.payment", "pk": 7, "fields": {"user": 1, "payment_id": "MPESA-202511291235454", "payment_method": "M-Pesa", "amount_paid": "1030.00", "status": "Pending", "created_at": "2025-11-29T20:54:54.202Z"}}, {"model": "orders.order", "pk": 1, "fields": {"user": 3, "payment": 1, "order_number": "202511253014433", "first_name": "Mary", "last_name": "Nzisa", "phone": "0765419032", "email": "nzisamary@gmail.com", "estate": "Pickup Location", "city": "Nairobi", "order_note": "", "delivery_method": "Pickup", "order_total": "2790.00", "grand_total": "2790.00", "status": "New", "ip": "127.0.0.1", "is_ordered": false, "created_at": "2025-11-24T22:44:33.303Z", "updated_at": "2025-11-24T22:44:33.477Z"}}, {"model": "orders.order", "pk": 2, "fields": {"user": 3, "payment": 2, "order_number": "202511253015232", "first_name": "Mary", "last_name": "Nzisa", "phone": "0765419032", "email": "nzisamary@gmail.com", "estate": "Pickup Location", "city": "Nairobi", "order_note": "", "delivery_method": "Pickup", "order_total": "350.00", "grand_total": "350.00", "status": "New", "ip": "127.0.0.1", "is_ordered": false, "created_at": "2025-11-24T22:52:32.030Z", "updated_at": "2025-11-24T22:52:32.143Z"}}, {"model": "orders.order", "pk": 3, "fields": {"user": 3, "payment": 3, "order_number": "202511253015724", "first_name": "Mary", "last_name": "Nzisa", "phone": "0765419032", "email": "nzisamary@gmail.com", "estate": "Pickup Location", "city": "Nairobi", "order_note": "", "delivery_method": "Pickup", "order_total": "1450.00", "grand_total": "1450.00", "status": "New", "ip": "127.0.0.1", "is_ordered": false, "created_at": "2025-11-24T22:57:24.135Z", "updated_at": "2025-11-24T22:57:24.236Z"}}, {"model": "orders.order", "pk": 4, "fields": {"user": 3, "payment": 4, "order_number": "202511253021654", "first_name": "Mary", "last_name": "Nzisa", "phone": "0765419032", "email": "nzisamary@gmail.com", "estate": "Pickup Location", "city": "Nairobi", "order_note": "", "delivery_method": "Pickup", "order_total": "635.00", "grand_total": "635.00", "status": "New", "ip": "127.0.0.1", "is_ordered": false, "created_at": "2025-11-24T23:16:54.376Z", "updated_at": "2025-11-24T23:16:54.504Z"}}, {"model": "orders.order", "pk": 5, "fields": {"user": 5, "payment": 5, "order_number": "202511255125707", "first_name": "Joyce", "last_name": "Muli", "phone": "+254762908654", "email": "mulijoyce@gmail.com", "estate": "Pickup Location", "city": "Nairobi", "order_note": "", "delivery_method": "Pickup", "order_total": "288.00", "grand_total": "288.00", "status": "New", "ip": "127.0.0.1", "is_ordered": false, "created_at": "2025-11-25T09:57:07.433Z", "updated_at": "2025-11-25T09:57:07.553Z"}}, {"model": "orders.order", "pk": 6, "fields": {"user": 5, "payment": 6, "order_number": "202511255193937", "first_name": "Joyce", "last_name": "Muli", "phone": "+254762908654", "email": "mulijoyce@gmail.com", "estate": "Pickup Location", "city": "Nairobi", "order_note": "", "delivery_method": "Pickup", "order_total": "1450.00", "grand_total": "1450.00", "status": "New", "ip": "127.0.0.1", "is_ordered": false, "created_at": "2025-11-25T16:39:37.901Z", "updated_at": "2025-11-25T16:39:37.960Z"}}, {"model": "orders.order", "pk": 7, "fields": {"user": 1, "payment": 7, "order_number": "202511291235454", "first_name": "Kelly", "last_name": "Grace", "phone": "0790806381", "email": "kelwgra17@gmail.com", "estate": "Pickup Location", "city": "Nairobi", "order_note": "", "delivery_method": "Pickup", "order_total": "1030.00", "grand_total": "1030.00", "status": "New", "ip": "127.0.0.1", "is_ordered": false, "created_at": "2025-11-29T20:54:54.146Z", "updated_at": "2025-11-29T20:54:54.261Z"}}, {"model": "orders.orderproduct", "pk": 1, "fields": {"order": 1, "user": 3, "product": 59, "product_variant": null, "quantity": 1, "product_price": "1450.00", "ordered": false, "created_at": "2025-11-24T22:44:33.565Z", "updated_at": "2025-11-24T22:44:33.565Z", "product_name": "", "variant_details": "6.5ml"}}, {"model": "orders.orderproduct", "pk": 2, "fields": {"order": 1, "user": 3, "product": 10, "product_variant": null, "quantity": 1, "product_price": "1100.00", "ordered": false, "created_at": "2025-11-24T22:44:33.711Z", "updated_at": "2025-11-24T22:44:33.711Z", "product_name": "", "variant_details": "354ml"}}, {"model": "orders.orderproduct", "pk": 3, "fields": {"order": 1, "user": 3, "product": 26, "product_variant": null, "quantity": 1, "product_price": "400.00", "ordered": false, "created_at": "2025-11-24T22:44:33.825Z", "updated_at": "2025-11-24T22:44:33.825Z", "product_name": "", "variant_details": "180ml"}}, {"model": "orders.orderproduct", "pk": 4, "fields": {"order": 2, "user": 3, "product": 17, "product_variant": null, "quantity": 1, "product_price": "350.00", "ordered": false, "created_at": "2025-11-24T22:52:32.187Z", "updated_at": "2025-11-24T22:52:32.187Z", "product_name": "", "variant_details": "250 g"}}, {"model": "orders.orderproduct", "pk": 5, "fields": {"order": 3, "user": 3, "product": 59, "product_variant": null, "quantity": 1, "product_price": "1450.00", "ordered": false, "created_at": "2025-11-24T22:57:24.278Z", "updated_at": "2025-11-24T22:57:24.278Z", "product_name": "", "variant_details": "6.5ml"}}, {"model": "orders.orderproduct", "pk": 6, "fields": {"order": 4, "user": 3, "product": 56, "product_variant": null, "quantity": 1, "product_price": "395.00", "ordered": false, "created_at": "2025-11-24T23:16:54.568Z", "updated_at": "2025-11-24T23:16:54.568Z", "product_name": "", "variant_details": "4.8g"}}, {"model": "orders.orderproduct", "pk": 7, "fields": {"order": 4, "user": 3, "product": 26, "product_variant": null, "quantity": 1, "product_price": "240.00", "ordered": false, "created_at": "2025-11-24T23:16:54.714Z", "updated_at": "2025-11-24T23:16:54.714Z", "product_name": "", "variant_details": "100 ml"}}, {"model": "orders.orderproduct", "pk": 8, "fields": {"order": 5, "user": 5, "product": 2, "product_variant": null, "quantity": 1, "product_price": "110.00", "ordered": false, "created_at": "2025-11-25T09:57:07.626Z", "updated_at": "2025-11-25T09:57:07.626Z", "product_name": "", "variant_details": "237ml"}}, {"model": "orders.orderproduct", "pk": 9, "fields": {"order": 5, "user": 5, "product": 43, "product_variant": null, "quantity": 1, "product_price": "178.00", "ordered": false, "created_at": "2025-11-25T09:57:07.782Z", "updated_at": "2025-11-25T09:57:07.782Z", "product_name": "", "variant_details": "50ml"}}, {"model": "orders.orderproduct", "pk": 10, "fields": {"order": 6, "user": 5, "product": 59, "product_variant": null, "quantity": 1, "product_price": "1450.00", "ordered": false, "created_at": "2025-11-25T16:39:37.997Z", "updated_at": "2025-11-25T16:39:37.997Z", "product_name": "", "variant_details": "6.5ml"}}, {"model": "orders.orderproduct", "pk": 11, "fields": {"order": 7, "user": 1, "product": 47, "product_variant": null, "quantity": 2, "product_price": "350.00", "ordered": false, "created_at": "2025-11-29T20:54:54.351Z", "updated_at": "2025-11-29T20:54:54.351Z", "product_name": "", "variant_details": "50g"}}, {"model": "orders.orderproduct", "pk": 12, "fields": {"order": 7, "user": 1, "product": 2, "product_variant": null, "quantity": 1, "product_price": "110.00", "ordered": false, "created_at": "2025-11-29T20:54:54.474Z", "updated_at": "2025-11-29T20:54:54.474Z", "product_name": "", "variant_details": "237ml"}}, {"model": "orders.orderproduct", "pk": 13, "fields": {"order": 7, "user": 1, "product": 2, "product_variant": null, "quantity": 2, "product_price": "161.00", "ordered": false, "created_at": "2025-11-29T20:54:54.615Z", "updated_at": "2025-11-29T20:54:54.615Z", "product_name": "", "variant_details": "475ml"}}]